날짜,종가
2016-01-04,1190.3500000000001
2016-01-05,1190.81
2016-01-06,1200.52
2016-01-07,1197.29
2016-01-08,1207.94
2016-01-11,1204.76
2016-01-12,1210.33
2016-01-13,1210.24
2016-01-14,1207.74
2016-01-15,1214.81
2016-01-18,1211.57
2016-01-19,1207.49
2016-01-20,1209.25
2016-01-21,1203.76
2016-01-22,1197.57
2016-01-25,1199.7
2016-01-26,1198.2
2016-01-27,1208.79
2016-01-28,1207.74
2016-01-29,1208.1100000000001
2016-02-01,1202.79
2016-02-02,1212.48
2016-02-03,1201.14
2016-02-04,1191.94
2016-02-05,1206.3500000000001
2016-02-08,1204.05
2016-02-09,1198.7
2016-02-10,1189.05
2016-02-11,1200.65
2016-02-12,1207.0
2016-02-15,1214.74
2016-02-16,1218.91
2016-02-17,1224.24
2016-02-18,1228.94
2016-02-19,1233.8700000000001
2016-02-22,1224.44
2016-02-23,1232.04
2016-02-24,1232.71
2016-02-25,1235.2
2016-02-26,1243.13
2016-02-29,1238.24
2016-03-01,1229.3500000000001
2016-03-02,1225.1000000000001
2016-03-03,1212.07
2016-03-04,1198.5
2016-03-07,1199.89
2016-03-08,1210.24
2016-03-09,1209.8500000000001
2016-03-10,1205.44
2016-03-11,1187.9
2016-03-14,1189.05
2016-03-15,1194.94
2016-03-16,1178.94
2016-03-17,1154.94
2016-03-18,1164.3
2016-03-21,1161.3
2016-03-22,1157.27
2016-03-23,1168.8500000000001
2016-03-24,1168.55
2016-03-25,1169.05
2016-03-28,1165.99
2016-03-29,1155.74
2016-03-30,1143.8500000000001
2016-03-31,1144.97
2016-04-01,1147.89
2016-04-04,1152.16
2016-04-05,1160.81
2016-04-06,1155.84
2016-04-07,1160.8
2016-04-08,1151.64
2016-04-11,1142.64
2016-04-12,1143.89
2016-04-13,1146.24
2016-04-14,1153.74
2016-04-15,1146.99
2016-04-18,1144.28
2016-04-19,1128.99
2016-04-20,1133.74
2016-04-21,1141.39
2016-04-22,1149.99
2016-04-25,1151.21
2016-04-26,1147.9
2016-04-27,1149.01
2016-04-28,1137.6000000000001
2016-04-29,1144.83
2016-05-02,1137.1000000000001
2016-05-03,1151.89
2016-05-04,1167.1000000000001
2016-05-05,1167.89
2016-05-06,1169.3
2016-05-09,1175.6000000000001
2016-05-10,1170.94
2016-05-11,1165.55
2016-05-12,1170.3500000000001
2016-05-13,1176.8
2016-05-16,1178.2
2016-05-17,1177.24
2016-05-18,1189.55
2016-05-19,1187.48
2016-05-20,1186.2
2016-05-23,1183.24
2016-05-24,1188.24
2016-05-25,1181.8500000000001
2016-05-26,1180.05
2016-05-27,1186.25
2016-05-30,1193.39
2016-05-31,1189.74
2016-06-01,1192.3700000000001
2016-06-02,1186.81
2016-06-03,1163.55
2016-06-06,1162.99
2016-06-07,1156.3
2016-06-08,1154.25
2016-06-09,1159.3500000000001
2016-06-10,1171.53
2016-06-13,1172.44
2016-06-14,1176.3500000000001
2016-06-15,1169.14
2016-06-16,1172.65
2016-06-17,1170.46
2016-06-20,1159.89
2016-06-21,1153.55
2016-06-22,1149.28
2016-06-23,1141.75
2016-06-24,1171.95
2016-06-27,1180.55
2016-06-28,1167.07
2016-06-29,1154.32
2016-06-30,1152.3500000000001
2016-07-01,1150.0
2016-07-04,1152.14
2016-07-05,1159.05
2016-07-06,1159.45
2016-07-07,1158.25
2016-07-08,1149.8
2016-07-11,1150.98
2016-07-12,1143.64
2016-07-13,1145.8700000000001
2016-07-14,1132.55
2016-07-15,1138.6000000000001
2016-07-18,1135.24
2016-07-19,1141.29
2016-07-20,1143.25
2016-07-21,1138.01
2016-07-22,1136.3500000000001
2016-07-25,1142.44
2016-07-26,1137.8
2016-07-27,1131.63
2016-07-28,1124.6000000000001
2016-07-29,1112.24
2016-08-01,1108.44
2016-08-02,1111.75
2016-08-03,1117.0
2016-08-04,1113.94
2016-08-05,1115.27
2016-08-08,1107.55
2016-08-09,1103.05
2016-08-10,1096.44
2016-08-11,1097.8500000000001
2016-08-12,1103.49
2016-08-15,1097.91
2016-08-16,1095.8600000000001
2016-08-17,1108.07
2016-08-18,1108.14
2016-08-19,1115.57
2016-08-22,1123.74
2016-08-23,1120.58
2016-08-24,1121.39
2016-08-25,1115.82
2016-08-26,1122.51
2016-08-29,1120.08
2016-08-30,1120.24
2016-08-31,1116.3
2016-09-01,1118.09
2016-09-02,1116.45
2016-09-05,1104.55
2016-09-06,1094.64
2016-09-07,1090.7
2016-09-08,1098.63
2016-09-09,1108.73
2016-09-12,1107.68
2016-09-13,1128.16
2016-09-14,1126.57
2016-09-15,1124.89
2016-09-16,1126.05
2016-09-19,1119.45
2016-09-20,1117.2
2016-09-21,1103.84
2016-09-22,1103.34
2016-09-23,1104.01
2016-09-26,1108.91
2016-09-27,1096.93
2016-09-28,1092.6000000000001
2016-09-29,1102.67
2016-09-30,1101.91
2016-10-03,1104.13
2016-10-04,1116.58
2016-10-05,1115.02
2016-10-06,1115.3600000000001
2016-10-07,1115.76
2016-10-10,1108.63
2016-10-11,1124.99
2016-10-12,1125.51
2016-10-13,1129.69
2016-10-14,1136.41
2016-10-17,1136.56
2016-10-18,1125.13
2016-10-19,1120.3600000000001
2016-10-20,1131.13
2016-10-21,1136.21
2016-10-24,1135.6000000000001
2016-10-25,1130.23
2016-10-26,1138.76
2016-10-27,1147.41
2016-10-28,1147.32
2016-10-31,1142.73
2016-11-01,1145.8500000000001
2016-11-02,1145.06
2016-11-03,1144.47
2016-11-04,1141.45
2016-11-07,1141.67
2016-11-08,1128.93
2016-11-09,1157.89
2016-11-10,1166.39
2016-11-11,1165.58
2016-11-14,1168.91
2016-11-15,1167.63
2016-11-16,1170.69
2016-11-17,1180.02
2016-11-18,1181.08
2016-11-21,1180.19
2016-11-22,1170.08
2016-11-23,1181.89
2016-11-24,1182.14
2016-11-25,1175.77
2016-11-28,1171.89
2016-11-29,1167.76
2016-11-30,1177.8
2016-12-01,1167.73
2016-12-02,1167.32
2016-12-05,1167.15
2016-12-06,1171.54
2016-12-07,1158.28
2016-12-08,1162.79
2016-12-09,1172.89
2016-12-12,1164.73
2016-12-13,1164.3
2016-12-14,1179.72
2016-12-15,1183.39
2016-12-16,1186.58
2016-12-19,1188.14
2016-12-20,1192.21
2016-12-21,1194.19
2016-12-22,1205.26
2016-12-23,1200.3600000000001
2016-12-26,1200.99
2016-12-27,1207.67
2016-12-28,1211.93
2016-12-29,1206.39
2016-12-30,1207.26
2017-01-02,1203.93
2017-01-03,1206.82
2017-01-04,1196.15
2017-01-05,1182.19
2017-01-06,1202.0
2017-01-09,1203.3600000000001
2017-01-10,1201.8
2017-01-11,1187.88
2017-01-12,1175.91
2017-01-13,1175.0
2017-01-16,1183.38
2017-01-17,1160.84
2017-01-18,1178.38
2017-01-19,1175.18
2017-01-20,1175.39
2017-01-23,1163.23
2017-01-24,1170.23
2017-01-25,1162.7
2017-01-26,1172.39
2017-01-27,1178.82
2017-01-30,1170.71
2017-01-31,1151.65
2017-02-01,1153.71
2017-02-02,1144.1000000000001
2017-02-03,1138.52
2017-02-06,1134.99
2017-02-07,1143.39
2017-02-08,1145.2
2017-02-09,1151.02
2017-02-10,1146.6000000000001
2017-02-13,1149.71
2017-02-14,1138.89
2017-02-15,1135.28
2017-02-16,1141.99
2017-02-17,1150.78
2017-02-20,1145.38
2017-02-21,1142.89
2017-02-22,1138.48
2017-02-23,1133.1000000000001
2017-02-24,1130.5
2017-02-27,1134.65
2017-02-28,1137.8
2017-03-01,1140.23
2017-03-02,1150.71
2017-03-03,1152.32
2017-03-06,1155.15
2017-03-07,1150.67
2017-03-08,1155.19
2017-03-09,1160.1000000000001
2017-03-10,1148.81
2017-03-13,1147.99
2017-03-14,1149.97
2017-03-15,1128.6200000000001
2017-03-16,1128.82
2017-03-17,1129.04
2017-03-20,1114.52
2017-03-21,1123.03
2017-03-22,1117.28
2017-03-23,1122.68
2017-03-24,1117.56
2017-03-27,1111.32
2017-03-28,1116.41
2017-03-29,1111.47
2017-03-30,1118.6000000000001
2017-03-31,1117.65
2017-04-03,1117.28
2017-04-04,1125.1000000000001
2017-04-05,1128.28
2017-04-06,1131.3
2017-04-07,1137.89
2017-04-10,1143.47
2017-04-11,1145.63
2017-04-12,1134.95
2017-04-13,1136.32
2017-04-14,1136.45
2017-04-17,1133.02
2017-04-18,1142.64
2017-04-19,1143.69
2017-04-20,1138.1200000000001
2017-04-21,1134.57
2017-04-24,1134.38
2017-04-25,1128.23
2017-04-26,1133.03
2017-04-27,1131.65
2017-04-28,1137.88
2017-05-01,1137.6000000000001
2017-05-02,1129.2
2017-05-03,1133.95
2017-05-04,1135.6000000000001
2017-05-05,1135.71
2017-05-08,1133.69
2017-05-09,1139.15
2017-05-10,1132.05
2017-05-11,1124.41
2017-05-12,1123.41
2017-05-15,1118.1200000000001
2017-05-16,1116.06
2017-05-17,1123.06
2017-05-18,1129.19
2017-05-19,1117.6200000000001
2017-05-22,1116.04
2017-05-23,1125.46
2017-05-24,1119.23
2017-05-25,1120.3600000000001
2017-05-26,1118.84
2017-05-29,1122.05
2017-05-30,1124.49
2017-05-31,1119.65
2017-06-01,1122.13
2017-06-02,1118.39
2017-06-05,1118.31
2017-06-06,1118.08
2017-06-07,1124.28
2017-06-08,1121.95
2017-06-09,1125.3
2017-06-12,1130.97
2017-06-13,1127.73
2017-06-14,1119.93
2017-06-15,1130.84
2017-06-16,1133.08
2017-06-19,1136.78
2017-06-20,1141.93
2017-06-21,1143.32
2017-06-22,1139.3
2017-06-23,1134.89
2017-06-26,1133.52
2017-06-27,1140.56
2017-06-28,1138.93
2017-06-29,1147.3
2017-06-30,1145.43
2017-07-03,1150.28
2017-07-04,1150.73
2017-07-05,1153.34
2017-07-06,1157.26
2017-07-07,1153.74
2017-07-10,1149.58
2017-07-11,1149.17
2017-07-12,1138.32
2017-07-13,1137.8500000000001
2017-07-14,1129.1000000000001
2017-07-17,1128.39
2017-07-18,1125.29
2017-07-19,1124.6000000000001
2017-07-20,1121.24
2017-07-21,1118.84
2017-07-24,1115.4
2017-07-25,1120.02
2017-07-26,1112.6000000000001
2017-07-27,1117.3500000000001
2017-07-28,1124.69
2017-07-31,1119.4
2017-08-01,1121.54
2017-08-02,1122.97
2017-08-03,1128.95
2017-08-04,1128.78
2017-08-07,1127.15
2017-08-08,1129.18
2017-08-09,1139.4
2017-08-10,1144.17
2017-08-11,1142.8600000000001
2017-08-14,1139.41
2017-08-15,1135.93
2017-08-16,1135.6000000000001
2017-08-17,1142.5
2017-08-18,1139.78
2017-08-21,1138.71
2017-08-22,1132.38
2017-08-23,1127.58
2017-08-24,1128.23
2017-08-25,1121.6000000000001
2017-08-28,1118.47
2017-08-29,1124.52
2017-08-30,1124.18
2017-08-31,1124.8600000000001
2017-09-01,1121.69
2017-09-04,1133.39
2017-09-05,1132.52
2017-09-06,1132.8500000000001
2017-09-07,1127.89
2017-09-08,1131.97
2017-09-11,1130.34
2017-09-12,1128.69
2017-09-13,1132.08
2017-09-14,1134.32
2017-09-15,1133.21
2017-09-18,1129.8600000000001
2017-09-19,1131.18
2017-09-20,1131.79
2017-09-21,1132.76
2017-09-22,1133.13
2017-09-25,1134.8
2017-09-26,1137.6200000000001
2017-09-27,1145.76
2017-09-28,1146.58
2017-09-29,1145.3
2017-10-02,1146.6200000000001
2017-10-03,1143.24
2017-10-04,1142.99
2017-10-05,1142.41
2017-10-06,1145.32
2017-10-09,1143.82
2017-10-10,1135.31
2017-10-11,1132.91
2017-10-12,1132.89
2017-10-13,1126.67
2017-10-16,1128.28
2017-10-17,1131.21
2017-10-18,1132.88
2017-10-19,1129.01
2017-10-20,1132.31
2017-10-23,1130.8600000000001
2017-10-24,1130.93
2017-10-25,1127.81
2017-10-26,1128.75
2017-10-27,1125.97
2017-10-30,1124.78
2017-10-31,1118.42
2017-11-01,1111.52
2017-11-02,1112.3500000000001
2017-11-03,1116.29
2017-11-06,1112.84
2017-11-07,1113.93
2017-11-08,1114.31
2017-11-09,1118.3600000000001
2017-11-10,1120.96
2017-11-13,1119.89
2017-11-14,1115.52
2017-11-15,1105.69
2017-11-16,1097.18
2017-11-17,1094.32
2017-11-20,1097.04
2017-11-21,1091.13
2017-11-22,1086.06
2017-11-23,1083.99
2017-11-24,1085.6200000000001
2017-11-27,1091.69
2017-11-28,1083.95
2017-11-29,1082.1
2017-11-30,1088.13
2017-12-01,1083.47
2017-12-04,1086.3
2017-12-05,1087.6200000000001
2017-12-06,1093.99
2017-12-07,1093.6000000000001
2017-12-08,1092.8500000000001
2017-12-11,1088.84
2017-12-12,1092.89
2017-12-13,1084.56
2017-12-14,1089.22
2017-12-15,1088.95
2017-12-18,1086.05
2017-12-19,1085.67
2017-12-20,1080.56
2017-12-21,1080.54
2017-12-22,1077.74
2017-12-25,1076.56
2017-12-26,1076.1200000000001
2017-12-27,1075.22
2017-12-28,1070.26
2017-12-29,1067.38
2018-01-01,1066.6
2018-01-02,1063.21
2018-01-03,1064.8
2018-01-04,1062.28
2018-01-05,1062.09
2018-01-08,1068.8600000000001
2018-01-09,1071.97
2018-01-10,1070.14
2018-01-11,1065.58
2018-01-12,1059.99
2018-01-15,1063.43
2018-01-16,1064.65
2018-01-17,1067.3600000000001
2018-01-18,1070.69
2018-01-19,1067.66
2018-01-22,1069.4
2018-01-23,1073.89
2018-01-24,1064.98
2018-01-25,1066.06
2018-01-26,1064.67
2018-01-29,1070.95
2018-01-30,1073.23
2018-01-31,1070.08
2018-02-01,1070.94
2018-02-02,1089.95
2018-02-05,1094.84
2018-02-06,1080.06
2018-02-07,1090.24
2018-02-08,1097.58
2018-02-09,1085.67
2018-02-12,1082.6
2018-02-13,1085.05
2018-02-14,1070.91
2018-02-15,1064.14
2018-02-16,1067.19
2018-02-19,1067.41
2018-02-20,1074.91
2018-02-21,1076.02
2018-02-22,1080.72
2018-02-23,1077.0
2018-02-26,1070.67
2018-02-27,1081.45
2018-02-28,1085.21
2018-03-01,1082.84
2018-03-02,1079.69
2018-03-05,1077.67
2018-03-06,1063.96
2018-03-07,1067.43
2018-03-08,1074.1100000000001
2018-03-09,1065.38
2018-03-12,1065.02
2018-03-13,1066.88
2018-03-14,1064.55
2018-03-15,1069.78
2018-03-16,1070.53
2018-03-19,1073.49
2018-03-20,1071.91
2018-03-21,1064.76
2018-03-22,1081.21
2018-03-23,1083.8700000000001
2018-03-26,1075.69
2018-03-27,1075.13
2018-03-28,1064.56
2018-03-29,1063.08
2018-03-30,1061.26
2018-04-02,1057.16
2018-04-03,1054.94
2018-04-04,1058.28
2018-04-05,1062.63
2018-04-06,1070.76
2018-04-09,1069.71
2018-04-10,1064.82
2018-04-11,1066.82
2018-04-12,1071.04
2018-04-13,1071.68
2018-04-16,1070.68
2018-04-17,1067.1200000000001
2018-04-18,1065.1200000000001
2018-04-19,1067.21
2018-04-20,1071.1
2018-04-23,1081.2
2018-04-24,1077.28
2018-04-25,1082.21
2018-04-26,1077.69
2018-04-27,1067.8600000000001
2018-04-30,1070.45
2018-05-01,1073.48
2018-05-02,1079.85
2018-05-03,1075.56
2018-05-04,1074.1100000000001
2018-05-07,1080.03
2018-05-08,1078.56
2018-05-09,1079.38
2018-05-10,1065.8
2018-05-11,1067.98
2018-05-14,1070.94
2018-05-15,1080.82
2018-05-16,1077.74
2018-05-17,1082.59
2018-05-18,1081.3700000000001
2018-05-21,1077.69
2018-05-22,1076.54
2018-05-23,1077.25
2018-05-24,1081.69
2018-05-25,1078.38
2018-05-28,1075.24
2018-05-29,1084.3700000000001
2018-05-30,1077.1
2018-05-31,1080.59
2018-06-01,1071.88
2018-06-04,1070.48
2018-06-05,1071.95
2018-06-06,1066.88
2018-06-07,1072.19
2018-06-08,1074.93
2018-06-11,1076.88
2018-06-12,1081.84
2018-06-13,1086.03
2018-06-14,1089.15
2018-06-15,1103.42
2018-06-18,1103.51
2018-06-19,1111.89
2018-06-20,1109.98
2018-06-21,1110.55
2018-06-22,1112.0
2018-06-25,1115.47
2018-06-26,1118.52
2018-06-27,1123.57
2018-06-28,1121.3500000000001
2018-06-29,1115.04
2018-07-02,1118.88
2018-07-03,1114.99
2018-07-04,1116.4
2018-07-05,1119.33
2018-07-06,1115.52
2018-07-09,1113.32
2018-07-10,1114.22
2018-07-11,1128.23
2018-07-12,1124.58
2018-07-13,1130.14
2018-07-16,1128.46
2018-07-17,1127.0
2018-07-18,1131.16
2018-07-19,1135.55
2018-07-20,1127.9
2018-07-23,1134.19
2018-07-24,1127.41
2018-07-25,1117.79
2018-07-26,1124.38
2018-07-27,1115.89
2018-07-30,1117.81
2018-07-31,1113.25
2018-08-01,1119.49
2018-08-02,1128.21
2018-08-03,1123.34
2018-08-06,1126.7
2018-08-07,1117.94
2018-08-08,1117.26
2018-08-09,1123.7
2018-08-10,1130.17
2018-08-13,1137.0
2018-08-14,1128.21
2018-08-15,1133.97
2018-08-16,1127.25
2018-08-17,1119.69
2018-08-20,1118.17
2018-08-21,1116.6100000000001
2018-08-22,1117.76
2018-08-23,1124.6200000000001
2018-08-24,1114.51
2018-08-27,1109.05
2018-08-28,1108.3
2018-08-29,1110.64
2018-08-30,1114.79
2018-08-31,1115.63
2018-09-03,1112.1000000000001
2018-09-04,1118.3600000000001
2018-09-05,1119.84
2018-09-06,1122.06
2018-09-07,1128.57
2018-09-10,1129.9
2018-09-11,1123.99
2018-09-12,1120.25
2018-09-13,1120.01
2018-09-14,1121.66
2018-09-17,1126.33
2018-09-18,1122.82
2018-09-19,1118.95
2018-09-20,1117.13
2018-09-21,1114.95
2018-09-24,1120.1200000000001
2018-09-25,1117.88
2018-09-26,1115.55
2018-09-27,1114.15
2018-09-28,1110.15
2018-10-01,1113.76
2018-10-02,1118.51
2018-10-03,1125.5
2018-10-04,1133.53
2018-10-05,1132.13
2018-10-08,1134.63
2018-10-09,1132.1200000000001
2018-10-10,1143.3
2018-10-11,1135.55
2018-10-12,1131.3
2018-10-15,1131.8700000000001
2018-10-16,1123.24
2018-10-17,1128.53
2018-10-18,1138.6000000000001
2018-10-19,1132.15
2018-10-22,1133.25
2018-10-23,1135.78
2018-10-24,1139.8600000000001
2018-10-25,1137.38
2018-10-26,1140.28
2018-10-29,1143.74
2018-10-30,1139.69
2018-10-31,1142.02
2018-11-01,1124.31
2018-11-02,1118.1000000000001
2018-11-05,1120.56
2018-11-06,1121.93
2018-11-07,1116.43
2018-11-08,1121.68
2018-11-09,1130.69
2018-11-12,1139.3500000000001
2018-11-13,1131.49
2018-11-14,1132.7
2018-11-15,1127.93
2018-11-16,1121.4
2018-11-19,1125.68
2018-11-20,1130.25
2018-11-21,1128.1200000000001
2018-11-22,1132.1000000000001
2018-11-23,1133.5
2018-11-26,1129.79
2018-11-27,1130.51
2018-11-28,1123.48
2018-11-29,1117.55
2018-11-30,1120.44
2018-12-03,1109.54
2018-12-04,1111.51
2018-12-05,1114.16
2018-12-06,1118.7
2018-12-07,1124.8500000000001
2018-12-10,1128.3700000000001
2018-12-11,1129.53
2018-12-12,1124.82
2018-12-13,1125.55
2018-12-14,1132.7
2018-12-17,1129.55
2018-12-18,1127.53
2018-12-19,1129.71
2018-12-20,1122.78
2018-12-21,1129.04
2018-12-24,1124.8700000000001
2018-12-25,1125.4
2018-12-26,1123.66
2018-12-27,1120.08
2018-12-28,1117.05
2018-12-31,1114.3
2019-01-01,1112.83
2019-01-02,1120.1200000000001
2019-01-03,1125.89
2019-01-04,1116.8500000000001
2019-01-07,1117.66
2019-01-08,1122.83
2019-01-09,1118.18
2019-01-10,1117.79
2019-01-11,1118.23
2019-01-14,1121.8
2019-01-15,1122.8500000000001
2019-01-16,1120.78
2019-01-17,1122.7
2019-01-18,1126.08
2019-01-21,1134.4
2019-01-22,1131.77
2019-01-23,1126.46
2019-01-24,1128.75
2019-01-25,1118.78
2019-01-28,1118.8700000000001
2019-01-29,1118.01
2019-01-30,1111.04
2019-01-31,1112.4
2019-02-01,1119.4
2019-02-04,1119.8600000000001
2019-02-05,1117.27
2019-02-06,1121.8
2019-02-07,1124.81
2019-02-08,1124.5
2019-02-11,1125.99
2019-02-12,1121.29
2019-02-13,1125.59
2019-02-14,1126.4
2019-02-15,1126.44
2019-02-18,1126.4
2019-02-19,1122.92
2019-02-20,1123.22
2019-02-21,1125.63
2019-02-22,1122.99
2019-02-25,1116.06
2019-02-26,1115.6100000000001
2019-02-27,1118.22
2019-02-28,1125.9
2019-03-01,1127.67
2019-03-04,1126.46
2019-03-05,1125.81
2019-03-06,1128.38
2019-03-07,1134.8700000000001
2019-03-08,1133.9
2019-03-11,1131.77
2019-03-12,1128.44
2019-03-13,1130.5
2019-03-14,1136.42
2019-03-15,1135.7
2019-03-18,1132.52
2019-03-19,1130.96
2019-03-20,1126.05
2019-03-21,1128.41
2019-03-22,1136.1100000000001
2019-03-25,1132.8600000000001
2019-03-26,1135.8700000000001
2019-03-27,1139.24
2019-03-28,1135.95
2019-03-29,1137.4
2019-04-01,1133.72
2019-04-02,1136.92
2019-04-03,1133.67
2019-04-04,1135.83
2019-04-05,1136.69
2019-04-08,1141.98
2019-04-09,1140.08
2019-04-10,1136.97
2019-04-11,1140.96
2019-04-12,1133.72
2019-04-15,1134.1000000000001
2019-04-16,1136.69
2019-04-17,1131.28
2019-04-18,1136.6100000000001
2019-04-19,1135.58
2019-04-22,1139.99
2019-04-23,1142.1100000000001
2019-04-24,1155.05
2019-04-25,1159.01
2019-04-26,1157.9
2019-04-29,1158.88
2019-04-30,1163.25
2019-05-01,1164.73
2019-05-02,1166.16
2019-05-03,1163.68
2019-05-06,1168.15
2019-05-07,1172.22
2019-05-08,1172.1000000000001
2019-05-09,1179.09
2019-05-10,1174.2
2019-05-13,1187.78
2019-05-14,1186.82
2019-05-15,1185.79
2019-05-16,1191.33
2019-05-17,1193.73
2019-05-20,1194.23
2019-05-21,1191.78
2019-05-22,1190.3700000000001
2019-05-23,1188.8
2019-05-24,1184.77
2019-05-27,1183.55
2019-05-28,1187.94
2019-05-29,1193.03
2019-05-30,1188.73
2019-05-31,1187.8
2019-06-03,1178.92
2019-06-04,1177.56
2019-06-05,1179.84
2019-06-06,1177.67
2019-06-07,1181.07
2019-06-10,1183.02
2019-06-11,1178.21
2019-06-12,1183.3500000000001
2019-06-13,1182.32
2019-06-14,1186.78
2019-06-17,1185.55
2019-06-18,1173.8700000000001
2019-06-19,1171.48
2019-06-20,1158.52
2019-06-21,1158.2
2019-06-24,1153.67
2019-06-25,1155.17
2019-06-26,1153.67
2019-06-27,1157.0
2019-06-28,1155.38
2019-07-01,1160.77
2019-07-02,1166.47
2019-07-03,1169.72
2019-07-04,1167.34
2019-07-05,1174.59
2019-07-08,1179.94
2019-07-09,1182.22
2019-07-10,1175.57
2019-07-11,1174.16
2019-07-12,1176.32
2019-07-15,1179.41
2019-07-16,1179.21
2019-07-17,1179.6200000000001
2019-07-18,1171.78
2019-07-19,1175.1100000000001
2019-07-22,1175.8700000000001
2019-07-23,1178.89
2019-07-24,1177.41
2019-07-25,1183.16
2019-07-26,1183.24
2019-07-29,1182.71
2019-07-30,1181.14
2019-07-31,1187.32
2019-08-01,1195.38
2019-08-02,1204.51
2019-08-05,1217.33
2019-08-06,1212.43
2019-08-07,1212.8700000000001
2019-08-08,1207.08
2019-08-09,1213.45
2019-08-12,1218.14
2019-08-13,1205.64
2019-08-14,1215.8600000000001
2019-08-15,1212.33
2019-08-16,1207.47
2019-08-19,1211.6200000000001
2019-08-20,1205.4
2019-08-21,1201.44
2019-08-22,1209.42
2019-08-23,1212.66
2019-08-26,1211.74
2019-08-27,1211.74
2019-08-28,1212.29
2019-08-29,1208.1200000000001
2019-08-30,1209.5
2019-09-02,1213.6100000000001
2019-09-03,1210.54
2019-09-04,1203.63
2019-09-05,1197.52
2019-09-06,1191.77
2019-09-09,1191.93
2019-09-10,1191.3500000000001
2019-09-11,1189.68
2019-09-12,1181.44
2019-09-13,1178.72
2019-09-16,1184.02
2019-09-17,1186.6200000000001
2019-09-18,1190.73
2019-09-19,1194.3500000000001
2019-09-20,1193.13
2019-09-23,1194.04
2019-09-24,1194.53
2019-09-25,1198.82
2019-09-26,1199.46
2019-09-27,1201.99
2019-09-30,1198.09
2019-10-01,1202.3700000000001
2019-10-02,1204.3700000000001
2019-10-03,1200.89
2019-10-04,1191.25
2019-10-07,1196.33
2019-10-08,1199.02
2019-10-09,1197.5
2019-10-10,1189.46
2019-10-11,1182.48
2019-10-14,1183.7
2019-10-15,1184.79
2019-10-16,1185.51
2019-10-17,1178.6000000000001
2019-10-18,1177.91
2019-10-21,1172.33
2019-10-22,1172.09
2019-10-23,1169.67
2019-10-24,1175.1200000000001
2019-10-25,1171.66
2019-10-28,1167.6100000000001
2019-10-29,1167.39
2019-10-30,1164.41
2019-10-31,1169.24
2019-11-01,1164.67
2019-11-04,1162.79
2019-11-05,1155.82
2019-11-06,1160.41
2019-11-07,1154.31
2019-11-08,1158.6000000000001
2019-11-11,1164.45
2019-11-12,1165.53
2019-11-13,1171.09
2019-11-14,1168.08
2019-11-15,1162.65
2019-11-18,1166.23
2019-11-19,1167.3500000000001
2019-11-20,1169.82
2019-11-21,1176.45
2019-11-22,1179.33
2019-11-25,1172.9
2019-11-26,1172.42
2019-11-27,1175.97
2019-11-28,1178.09
2019-11-29,1180.7
2019-12-02,1184.78
2019-12-03,1189.3600000000001
2019-12-04,1191.15
2019-12-05,1187.92
2019-12-06,1185.51
2019-12-09,1189.55
2019-12-10,1189.49
2019-12-11,1188.6100000000001
2019-12-12,1171.89
2019-12-13,1175.57
2019-12-16,1167.48
2019-12-17,1163.15
2019-12-18,1166.57
2019-12-19,1162.27
2019-12-20,1158.99
2019-12-23,1163.04
2019-12-24,1162.52
2019-12-25,1159.76
2019-12-26,1161.3
2019-12-27,1158.95
2019-12-30,1156.97
2019-12-31,1154.07
2020-01-01,1154.02
2020-01-02,1157.3500000000001
2020-01-03,1164.95
2020-01-06,1166.94
2020-01-07,1167.3
2020-01-08,1162.25
2020-01-09,1158.72
2020-01-10,1157.97
2020-01-13,1153.95
2020-01-14,1157.2
2020-01-15,1157.91
2020-01-16,1159.73
2020-01-17,1160.44
2020-01-20,1158.6100000000001
2020-01-21,1169.01
2020-01-22,1164.76
2020-01-23,1168.54
2020-01-24,1169.2
2020-01-27,1176.7
2020-01-28,1175.71
2020-01-29,1178.68
2020-01-30,1187.64
2020-01-31,1194.97
2020-02-03,1189.79
2020-02-04,1182.9
2020-02-05,1183.4
2020-02-06,1185.28
2020-02-07,1191.39
2020-02-10,1187.17
2020-02-11,1181.25
2020-02-12,1178.51
2020-02-13,1183.58
2020-02-14,1182.46
2020-02-17,1185.25
2020-02-18,1190.95
2020-02-19,1192.5
2020-02-20,1204.71
2020-02-21,1206.91
2020-02-24,1219.08
2020-02-25,1215.54
2020-02-26,1212.31
2020-02-27,1212.63
2020-02-28,1200.2
2020-03-02,1189.6100000000001
2020-03-03,1180.5
2020-03-04,1184.73
2020-03-05,1188.72
2020-03-06,1188.7
2020-03-09,1200.88
2020-03-10,1185.6000000000001
2020-03-11,1192.57
2020-03-12,1210.71
2020-03-13,1211.28
2020-03-16,1232.3700000000001
2020-03-17,1239.72
2020-03-18,1256.46
2020-03-19,1257.8600000000001
2020-03-20,1254.45
2020-03-23,1272.5
2020-03-24,1233.21
2020-03-25,1232.0
2020-03-26,1212.9
2020-03-27,1212.23
2020-03-30,1224.21
2020-03-31,1218.3
2020-04-01,1236.2
2020-04-02,1227.3500000000001
2020-04-03,1235.6100000000001
2020-04-06,1224.6000000000001
2020-04-07,1214.93
2020-04-08,1215.76
2020-04-09,1210.58
2020-04-10,1211.05
2020-04-13,1215.46
2020-04-14,1212.46
2020-04-15,1224.68
2020-04-16,1228.94
2020-04-17,1216.13
2020-04-20,1220.58
2020-04-21,1232.56
2020-04-22,1233.55
2020-04-23,1233.04
2020-04-24,1230.53
2020-04-27,1222.05
2020-04-28,1221.31
2020-04-29,1210.99
2020-04-30,1212.94
2020-05-01,1224.89
2020-05-04,1224.14
2020-05-05,1222.47
2020-05-06,1228.55
2020-05-07,1219.6100000000001
2020-05-08,1219.65
2020-05-11,1222.91
2020-05-12,1226.64
2020-05-13,1227.3700000000001
2020-05-14,1227.03
2020-05-15,1232.69
2020-05-18,1225.13
2020-05-19,1225.04
2020-05-20,1227.26
2020-05-21,1233.19
2020-05-22,1240.59
2020-05-25,1240.45
2020-05-26,1230.9
2020-05-27,1238.19
2020-05-28,1237.97
2020-05-29,1231.49
2020-06-01,1222.92
2020-06-02,1219.6200000000001
2020-06-03,1215.79
2020-06-04,1216.39
2020-06-05,1202.02
2020-06-08,1195.3500000000001
2020-06-09,1198.4
2020-06-10,1190.67
2020-06-11,1206.1000000000001
2020-06-12,1203.66
2020-06-15,1208.55
2020-06-16,1211.79
2020-06-17,1215.41
2020-06-18,1212.5
2020-06-19,1211.83
2020-06-22,1209.41
2020-06-23,1207.46
2020-06-24,1206.08
2020-06-25,1202.21
2020-06-26,1203.8
2020-06-29,1199.16
2020-06-30,1199.28
2020-07-01,1201.51
2020-07-02,1198.75
2020-07-03,1198.93
2020-07-06,1191.92
2020-07-07,1196.75
2020-07-08,1192.05
2020-07-09,1196.98
2020-07-10,1200.42
2020-07-13,1203.3700000000001
2020-07-14,1204.89
2020-07-15,1200.5
2020-07-16,1205.1100000000001
2020-07-17,1203.44
2020-07-20,1200.9
2020-07-21,1193.92
2020-07-22,1197.22
2020-07-23,1201.45
2020-07-24,1201.5
2020-07-27,1195.57
2020-07-28,1199.46
2020-07-29,1189.79
2020-07-30,1189.6200000000001
2020-07-31,1193.59
2020-08-03,1192.59
2020-08-04,1193.2
2020-08-05,1186.05
2020-08-06,1183.5
2020-08-07,1188.68
2020-08-10,1185.58
2020-08-11,1185.6200000000001
2020-08-12,1183.23
2020-08-13,1184.92
2020-08-14,1186.94
2020-08-17,1183.19
2020-08-18,1182.7
2020-08-19,1181.74
2020-08-20,1185.24
2020-08-21,1191.72
2020-08-24,1188.66
2020-08-25,1187.3500000000001
2020-08-26,1184.39
2020-08-27,1187.44
2020-08-28,1180.48
2020-08-31,1187.94
2020-09-01,1185.45
2020-09-02,1189.13
2020-09-03,1191.48
2020-09-04,1187.3
2020-09-07,1187.27
2020-09-08,1190.1000000000001
2020-09-09,1184.79
2020-09-10,1188.1100000000001
2020-09-11,1187.89
2020-09-14,1181.51
2020-09-15,1179.76
2020-09-16,1172.88
2020-09-17,1169.2
2020-09-18,1164.81
2020-09-21,1163.6100000000001
2020-09-22,1163.6100000000001
2020-09-23,1170.65
2020-09-24,1169.1000000000001
2020-09-25,1174.32
2020-09-28,1166.8500000000001
2020-09-29,1168.73
2020-09-30,1164.65
2020-10-01,1162.83
2020-10-02,1166.26
2020-10-05,1157.1200000000001
2020-10-06,1164.3700000000001
2020-10-07,1157.26
2020-10-08,1151.1100000000001
2020-10-09,1143.52
2020-10-12,1147.79
2020-10-13,1148.3
2020-10-14,1147.14
2020-10-15,1145.14
2020-10-16,1142.13
2020-10-19,1140.06
2020-10-20,1138.39
2020-10-21,1132.54
2020-10-22,1134.74
2020-10-23,1127.95
2020-10-26,1132.44
2020-10-27,1129.21
2020-10-28,1134.93
2020-10-29,1130.06
2020-10-30,1136.49
2020-11-02,1132.95
2020-11-03,1131.32
2020-11-04,1127.65
2020-11-05,1122.88
2020-11-06,1121.4
2020-11-09,1119.06
2020-11-10,1117.07
2020-11-11,1112.39
2020-11-12,1114.8600000000001
2020-11-13,1107.6200000000001
2020-11-16,1107.04
2020-11-17,1105.38
2020-11-18,1106.17
2020-11-19,1113.59
2020-11-20,1114.95
2020-11-23,1113.51
2020-11-24,1110.24
2020-11-25,1106.21
2020-11-26,1105.57
2020-11-27,1104.43
2020-11-30,1109.32
2020-12-01,1105.73
2020-12-02,1100.02
2020-12-03,1092.08
2020-12-04,1083.77
2020-12-07,1083.53
2020-12-08,1084.8600000000001
2020-12-09,1086.48
2020-12-10,1085.55
2020-12-11,1091.67
2020-12-14,1093.07
2020-12-15,1089.43
2020-12-16,1092.3600000000001
2020-12-17,1093.01
2020-12-18,1099.39
2020-12-21,1102.55
2020-12-22,1109.72
2020-12-23,1106.65
2020-12-24,1101.59
2020-12-25,1099.07
2020-12-28,1095.6000000000001
2020-12-29,1090.97
2020-12-30,1087.6200000000001
