날짜,종가,거래량
2016-01-04,1918.76,359.02M
2016-01-05,1930.53,446.55M
2016-01-06,1925.43,594.61M
2016-01-07,1904.33,393.04M
2016-01-08,1917.6200000000001,430.20M
2016-01-11,1894.8400000000001,328.77M
2016-01-12,1890.8600000000001,295.14M
2016-01-13,1916.28,265.22M
2016-01-14,1900.01,310.98M
2016-01-15,1878.8700000000001,312.36M
2016-01-18,1878.45,276.94M
2016-01-19,1889.64,335.32M
2016-01-20,1845.45,407.30M
2016-01-21,1840.53,433.74M
2016-01-22,1879.43,408.46M
2016-01-25,1893.43,315.30M
2016-01-26,1871.69,298.82M
2016-01-27,1897.8700000000001,348.90M
2016-01-28,1906.94,354.31M
2016-01-29,1912.06,386.56M
2016-02-01,1924.82,440.32M
2016-02-02,1906.6000000000001,412.27M
2016-02-03,1890.67,408.60M
2016-02-04,1916.26,365.80M
2016-02-05,1917.79,305.77M
2016-02-11,1861.54,386.43M
2016-02-12,1835.28,470.50M
2016-02-15,1862.2,284.60M
2016-02-16,1888.3,388.32M
2016-02-17,1883.94,344.63M
2016-02-18,1908.8400000000001,332.58M
2016-02-19,1916.24,312.20M
2016-02-22,1916.3600000000001,267.86M
2016-02-23,1914.22,326.81M
2016-02-24,1912.53,281.60M
2016-02-25,1918.57,305.79M
2016-02-26,1920.16,280.22M
2016-02-29,1916.66,275.05M
2016-03-02,1947.42,323.35M
2016-03-03,1958.17,420.98M
2016-03-04,1955.63,316.42M
2016-03-07,1957.8700000000001,344.61M
2016-03-08,1946.1200000000001,358.68M
2016-03-09,1952.95,355.39M
2016-03-10,1969.3300000000002,352.32M
2016-03-11,1971.41,303.42M
2016-03-14,1972.27,357.08M
2016-03-15,1969.97,264.58M
2016-03-16,1974.9,294.46M
2016-03-17,1987.99,291.58M
2016-03-18,1992.1200000000001,385.85M
2016-03-21,1989.76,323.26M
2016-03-22,1996.81,383.75M
2016-03-23,1995.1200000000001,367.55M
2016-03-24,1985.97,341.17M
2016-03-25,1983.81,463.42M
2016-03-28,1982.54,410.47M
2016-03-29,1994.91,385.45M
2016-03-30,2002.14,368.30M
2016-03-31,1995.8500000000001,335.07M
2016-04-01,1973.57,392.26M
2016-04-04,1978.97,363.32M
2016-04-05,1962.74,368.16M
2016-04-06,1971.32,358.03M
2016-04-07,1973.89,434.06M
2016-04-08,1972.05,400.62M
2016-04-11,1970.3700000000001,379.54M
2016-04-12,1981.32,387.32M
2016-04-14,2015.93,473.52M
2016-04-15,2014.71,317.71M
2016-04-18,2009.1000000000001,339.25M
2016-04-19,2011.3600000000001,401.24M
2016-04-20,2005.8300000000002,423.96M
2016-04-21,2022.1000000000001,392.10M
2016-04-22,2015.49,480.47M
2016-04-25,2014.55,397.68M
2016-04-26,2019.63,509.28M
2016-04-27,2015.4,412.80M
2016-04-28,2000.93,341.14M
2016-04-29,1994.15,401.06M
2016-05-02,1978.15,328.20M
2016-05-03,1986.41,310.49M
2016-05-04,1976.71,352.70M
2016-05-09,1967.81,342.19M
2016-05-10,1982.5,369.08M
2016-05-11,1980.1000000000001,398.53M
2016-05-12,1977.49,462.88M
2016-05-13,1966.99,509.12M
2016-05-16,1967.91,526.72M
2016-05-17,1968.06,597.58M
2016-05-18,1956.73,696.27M
2016-05-19,1946.78,505.92M
2016-05-20,1947.67,388.05M
2016-05-23,1955.25,399.51M
2016-05-24,1937.68,517.08M
2016-05-25,1960.51,656.87M
2016-05-26,1957.06,558.26M
2016-05-27,1969.17,523.53M
2016-05-30,1967.13,550.50M
2016-05-31,1983.4,657.04M
2016-06-01,1982.72,502.29M
2016-06-02,1985.1100000000001,474.23M
2016-06-03,1985.8400000000001,540.86M
2016-06-07,2011.63,481.35M
2016-06-08,2027.0800000000002,497.94M
2016-06-09,2024.17,599.68M
2016-06-10,2017.63,404.30M
2016-06-13,1979.06,443.00M
2016-06-14,1972.03,439.94M
2016-06-15,1968.8300000000002,376.77M
2016-06-16,1951.99,438.79M
2016-06-17,1953.4,485.27M
2016-06-20,1981.1200000000001,391.34M
2016-06-21,1982.7,557.44M
2016-06-22,1992.5800000000002,407.44M
2016-06-23,1986.71,455.39M
2016-06-24,1925.24,750.55M
2016-06-27,1926.8500000000001,394.27M
2016-06-28,1936.22,373.46M
2016-06-29,1956.3600000000001,451.19M
2016-06-30,1970.3500000000001,349.86M
2016-07-01,1987.32,448.13M
2016-07-04,1995.3,468.61M
2016-07-05,1989.8500000000001,405.49M
2016-07-06,1953.1200000000001,457.44M
2016-07-07,1974.0800000000002,378.76M
2016-07-08,1963.1000000000001,356.53M
2016-07-11,1988.54,337.76M
2016-07-12,1991.23,432.65M
2016-07-13,2005.55,357.64M
2016-07-14,2008.77,340.23M
2016-07-15,2017.26,477.81M
2016-07-18,2021.1100000000001,380.09M
2016-07-19,2016.89,380.80M
2016-07-20,2015.46,316.34M
2016-07-21,2012.22,391.05M
2016-07-22,2010.3400000000001,320.95M
2016-07-25,2012.32,350.23M
2016-07-26,2027.3400000000001,338.61M
2016-07-27,2025.05,411.66M
2016-07-28,2021.1000000000001,350.88M
2016-07-29,2016.19,366.38M
2016-08-01,2029.6100000000001,369.59M
2016-08-02,2019.03,409.94M
2016-08-03,1994.79,485.85M
2016-08-04,2000.03,326.51M
2016-08-05,2017.94,289.29M
2016-08-08,2031.1200000000001,270.48M
2016-08-09,2043.78,436.72M
2016-08-10,2044.64,331.09M
2016-08-11,2048.8,346.08M
2016-08-12,2050.4700000000003,376.49M
2016-08-16,2047.76,374.87M
2016-08-17,2043.75,391.72M
2016-08-18,2055.4700000000003,353.08M
2016-08-19,2056.2400000000002,392.32M
2016-08-22,2042.16,343.50M
2016-08-23,2049.93,360.41M
2016-08-24,2043.76,285.18M
2016-08-25,2042.92,277.43M
2016-08-26,2037.5,288.18M
2016-08-29,2032.3500000000001,316.97M
2016-08-30,2039.74,378.56M
2016-08-31,2034.65,400.95M
2016-09-01,2032.72,300.51M
2016-09-02,2038.31,342.63M
2016-09-05,2060.08,572.97M
2016-09-06,2066.53,462.55M
2016-09-07,2061.88,687.16M
2016-09-08,2063.73,656.65M
2016-09-09,2037.8700000000001,392.68M
2016-09-12,1991.48,422.88M
2016-09-13,1999.3600000000001,437.42M
2016-09-19,2015.78,434.44M
2016-09-20,2025.71,362.34M
2016-09-21,2035.99,525.10M
2016-09-22,2049.7,447.59M
2016-09-23,2054.07,494.11M
2016-09-26,2047.1100000000001,359.62M
2016-09-27,2062.82,664.04M
2016-09-28,2053.06,546.45M
2016-09-29,2068.7200000000003,416.17M
2016-09-30,2043.63,326.39M
2016-10-04,2054.86,318.85M
2016-10-05,2053.0,292.34M
2016-10-06,2065.3,337.71M
2016-10-07,2053.8,422.45M
2016-10-10,2056.82,314.90M
2016-10-11,2031.93,343.22M
2016-10-12,2033.73,297.37M
2016-10-13,2015.44,440.26M
2016-10-14,2022.66,458.90M
2016-10-17,2027.6100000000001,333.40M
2016-10-18,2040.43,305.93M
2016-10-19,2040.94,321.94M
2016-10-20,2040.6000000000001,276.00M
2016-10-21,2033.0,260.36M
2016-10-24,2047.74,252.04M
2016-10-25,2037.17,299.10M
2016-10-26,2013.89,392.40M
2016-10-27,2024.1200000000001,298.69M
2016-10-28,2019.42,270.53M
2016-10-31,2008.19,400.66M
2016-11-01,2007.39,321.78M
2016-11-02,1978.94,333.53M
2016-11-03,1983.8,272.73M
2016-11-04,1982.02,227.78M
2016-11-07,1997.5800000000002,210.33M
2016-11-08,2003.38,239.58M
2016-11-09,1958.38,709.04M
2016-11-10,2002.6000000000001,433.88M
2016-11-11,1984.43,386.86M
2016-11-14,1974.4,352.12M
2016-11-15,1967.53,375.66M
2016-11-16,1979.65,306.50M
2016-11-17,1980.55,272.17M
2016-11-18,1974.5800000000002,306.96M
2016-11-21,1966.05,223.51M
2016-11-22,1983.47,231.37M
2016-11-23,1987.95,308.20M
2016-11-24,1971.26,235.44M
2016-11-25,1974.46,201.94M
2016-11-28,1978.13,213.58M
2016-11-29,1978.39,214.57M
2016-11-30,1983.48,233.09M
2016-12-01,1983.75,217.88M
2016-12-02,1970.6100000000001,243.18M
2016-12-05,1963.3600000000001,237.19M
2016-12-06,1989.8600000000001,214.65M
2016-12-07,1991.89,204.41M
2016-12-08,2031.07,239.43M
2016-12-09,2024.69,225.66M
2016-12-12,2027.24,289.80M
2016-12-13,2035.98,383.36M
2016-12-14,2036.8700000000001,384.03M
2016-12-15,2036.65,300.19M
2016-12-16,2042.24,289.71M
2016-12-19,2038.39,249.87M
2016-12-20,2041.94,314.22M
2016-12-21,2037.96,284.57M
2016-12-22,2035.73,275.10M
2016-12-23,2035.9,310.88M
2016-12-26,2037.75,366.64M
2016-12-27,2042.17,384.03M
2016-12-28,2024.49,356.59M
2016-12-29,2026.46,264.52M
2017-01-02,2026.16,229.88M
2017-01-03,2043.97,268.13M
2017-01-04,2045.64,371.49M
2017-01-05,2041.95,541.34M
2017-01-06,2049.12,455.35M
2017-01-09,2048.78,398.29M
2017-01-10,2045.1200000000001,512.66M
2017-01-11,2075.17,335.53M
2017-01-12,2087.14,555.84M
2017-01-13,2076.79,518.28M
2017-01-16,2064.17,683.93M
2017-01-17,2071.87,601.44M
2017-01-18,2070.54,530.13M
2017-01-19,2072.79,415.67M
2017-01-20,2065.61,392.65M
2017-01-23,2065.9900000000002,444.86M
2017-01-24,2065.76,312.41M
2017-01-25,2066.94,310.24M
2017-01-26,2083.59,257.92M
2017-01-31,2067.57,288.28M
2017-02-01,2080.48,452.53M
2017-02-02,2071.01,825.48M
2017-02-03,2073.16,392.58M
2017-02-06,2077.66,315.32M
2017-02-07,2075.21,271.81M
2017-02-08,2065.08,266.72M
2017-02-09,2065.88,236.01M
2017-02-10,2075.08,314.68M
2017-02-13,2078.65,289.68M
2017-02-14,2074.57,332.37M
2017-02-15,2083.86,338.04M
2017-02-16,2081.84,330.47M
2017-02-17,2080.58,301.52M
2017-02-20,2084.39,297.20M
2017-02-21,2102.93,292.54M
2017-02-22,2106.61,312.22M
2017-02-23,2107.63,430.85M
2017-02-24,2094.12,385.40M
2017-02-27,2085.52,343.70M
2017-02-28,2091.64,399.82M
2017-03-02,2102.65,434.71M
2017-03-03,2078.75,425.94M
2017-03-06,2081.36,431.44M
2017-03-07,2094.05,277.83M
2017-03-08,2095.41,381.44M
2017-03-09,2091.06,408.23M
2017-03-10,2097.35,500.86M
2017-03-13,2117.59,382.13M
2017-03-14,2133.78,365.08M
2017-03-15,2133.0,374.70M
2017-03-16,2150.08,402.42M
2017-03-17,2164.58,302.79M
2017-03-20,2157.01,264.95M
2017-03-21,2178.38,303.94M
2017-03-22,2168.3,394.43M
2017-03-23,2172.7200000000003,358.61M
2017-03-24,2168.95,358.67M
2017-03-27,2155.66,395.86M
2017-03-28,2163.31,393.97M
2017-03-29,2166.98,626.79M
2017-03-30,2164.64,643.56M
2017-03-31,2160.23,441.64M
2017-04-03,2167.51,398.51M
2017-04-04,2161.1,522.09M
2017-04-05,2160.85,571.69M
2017-04-06,2152.75,510.16M
2017-04-07,2151.73,408.46M
2017-04-10,2133.32,512.92M
2017-04-11,2123.85,489.31M
2017-04-12,2128.91,427.36M
2017-04-13,2148.61,357.58M
2017-04-14,2134.88,383.69M
2017-04-17,2145.76,259.30M
2017-04-18,2148.46,291.40M
2017-04-19,2138.4,344.22M
2017-04-20,2149.15,268.32M
2017-04-21,2165.04,281.54M
2017-04-24,2173.7400000000002,374.71M
2017-04-25,2196.85,275.90M
2017-04-26,2207.84,397.53M
2017-04-27,2209.46,386.11M
2017-04-28,2205.44,268.64M
2017-05-02,2219.67,295.14M
2017-05-04,2241.2400000000002,261.92M
2017-05-08,2292.76,281.76M
2017-05-10,2270.12,422.89M
2017-05-11,2296.37,463.46M
2017-05-12,2286.02,335.34M
2017-05-15,2290.65,251.59M
2017-05-16,2295.33,368.14M
2017-05-17,2293.08,394.82M
2017-05-18,2286.82,378.32M
2017-05-19,2288.48,421.13M
2017-05-22,2304.03,340.06M
2017-05-23,2311.7400000000002,341.08M
2017-05-24,2317.34,409.56M
2017-05-25,2342.93,369.28M
2017-05-26,2355.3,312.90M
2017-05-29,2352.9700000000003,316.18M
2017-05-30,2343.68,508.84M
2017-05-31,2347.38,555.94M
2017-06-01,2344.61,336.69M
2017-06-02,2371.7200000000003,399.50M
2017-06-05,2368.62,326.41M
2017-06-07,2360.14,376.21M
2017-06-08,2363.57,417.08M
2017-06-09,2381.69,520.56M
2017-06-12,2357.87,327.23M
2017-06-13,2374.7000000000003,322.08M
2017-06-14,2372.64,393.00M
2017-06-15,2361.65,334.89M
2017-06-16,2361.83,329.18M
2017-06-19,2370.9,290.94M
2017-06-20,2369.23,360.73M
2017-06-21,2357.53,360.34M
2017-06-22,2370.37,299.23M
2017-06-23,2378.6,256.26M
2017-06-26,2388.66,325.67M
2017-06-27,2391.9500000000003,358.03M
2017-06-28,2382.56,361.18M
2017-06-29,2395.66,445.13M
2017-06-30,2391.79,343.53M
2017-07-03,2394.48,310.99M
2017-07-04,2380.52,411.78M
2017-07-05,2388.35,333.72M
2017-07-06,2387.81,301.47M
2017-07-07,2379.87,314.37M
2017-07-10,2382.1,296.26M
2017-07-11,2396.0,284.46M
2017-07-12,2391.77,268.93M
2017-07-13,2409.4900000000002,289.26M
2017-07-14,2414.63,258.77M
2017-07-17,2425.1,254.20M
2017-07-18,2426.04,260.66M
2017-07-19,2429.94,270.96M
2017-07-20,2441.84,251.92M
2017-07-21,2450.06,250.13M
2017-07-24,2451.53,233.41M
2017-07-25,2439.9,275.20M
2017-07-26,2434.51,336.11M
2017-07-27,2443.2400000000002,426.50M
2017-07-28,2400.9900000000002,318.65M
2017-07-31,2402.71,277.57M
2017-08-01,2422.96,264.04M
2017-08-02,2427.63,261.57M
2017-08-03,2386.85,303.58M
2017-08-04,2395.4500000000003,273.57M
2017-08-07,2398.75,244.12M
2017-08-08,2394.73,252.85M
2017-08-09,2368.39,234.07M
2017-08-10,2359.4700000000003,283.87M
2017-08-11,2319.71,318.58M
2017-08-14,2334.2200000000003,214.02M
2017-08-16,2348.26,270.52M
2017-08-17,2361.67,255.77M
2017-08-18,2358.37,201.48M
2017-08-21,2355.0,207.22M
2017-08-22,2365.33,251.86M
2017-08-23,2366.4,228.62M
2017-08-24,2375.84,295.53M
2017-08-25,2378.51,341.96M
2017-08-28,2370.3,226.87M
2017-08-29,2364.7400000000002,223.09M
2017-08-30,2372.29,305.64M
2017-08-31,2363.19,265.05M
2017-09-01,2357.69,280.06M
2017-09-04,2329.65,248.50M
2017-09-05,2326.62,320.43M
2017-09-06,2319.82,252.68M
2017-09-07,2346.19,277.04M
2017-09-08,2343.7200000000003,214.59M
2017-09-11,2359.08,243.61M
2017-09-12,2365.4700000000003,333.57M
2017-09-13,2360.18,318.87M
2017-09-14,2377.66,314.26M
2017-09-15,2386.07,298.74M
2017-09-18,2418.21,273.48M
2017-09-19,2416.05,254.59M
2017-09-20,2412.2000000000003,303.29M
2017-09-21,2406.5,335.34M
2017-09-22,2388.71,333.62M
2017-09-25,2380.4,339.35M
2017-09-26,2374.32,319.12M
2017-09-27,2372.57,202.62M
2017-09-28,2373.14,194.77M
2017-09-29,2394.4700000000003,184.19M
2017-10-10,2433.81,221.74M
2017-10-11,2458.16,201.77M
2017-10-12,2474.76,256.21M
2017-10-13,2473.62,234.80M
2017-10-16,2480.05,224.42M
2017-10-17,2484.37,199.05M
2017-10-18,2482.91,244.24M
2017-10-19,2473.06,236.62M
2017-10-20,2489.54,313.21M
2017-10-23,2490.05,274.20M
2017-10-24,2490.4900000000002,232.01M
2017-10-25,2492.5,599.44M
2017-10-26,2480.63,646.88M
2017-10-27,2496.63,511.23M
2017-10-30,2501.93,342.01M
2017-10-31,2523.43,313.79M
2017-11-01,2556.4700000000003,361.80M
2017-11-02,2546.36,527.73M
2017-11-03,2557.9700000000003,292.77M
2017-11-06,2549.41,221.19M
2017-11-07,2545.44,253.92M
2017-11-08,2552.4,277.04M
2017-11-09,2550.57,293.54M
2017-11-10,2542.9500000000003,291.52M
2017-11-13,2530.35,266.53M
2017-11-14,2526.64,287.77M
2017-11-15,2518.25,398.22M
2017-11-16,2534.79,302.93M
2017-11-17,2533.9900000000002,362.19M
2017-11-20,2527.67,404.26M
2017-11-21,2530.7000000000003,484.89M
2017-11-22,2540.51,485.67M
2017-11-23,2537.15,391.29M
2017-11-24,2544.33,297.94M
2017-11-27,2507.81,284.89M
2017-11-28,2514.19,348.24M
2017-11-29,2512.9,301.21M
2017-11-30,2476.37,339.02M
2017-12-01,2475.41,288.57M
2017-12-04,2501.67,323.85M
2017-12-05,2510.12,395.43M
2017-12-06,2474.37,507.62M
2017-12-07,2461.98,404.85M
2017-12-08,2464.0,406.38M
2017-12-11,2471.4900000000002,240.14M
2017-12-12,2461.0,281.19M
2017-12-13,2480.55,254.95M
2017-12-14,2469.48,317.79M
2017-12-15,2482.07,340.76M
2017-12-18,2481.88,324.36M
2017-12-19,2478.53,308.39M
2017-12-20,2472.37,236.18M
2017-12-21,2429.83,247.33M
2017-12-22,2440.54,230.41M
2017-12-26,2427.34,224.64M
2017-12-27,2436.67,194.85M
2017-12-28,2467.4900000000002,220.34M
2018-01-02,2479.65,262.20M
2018-01-03,2486.35,331.10M
2018-01-04,2466.46,333.84M
2018-01-05,2497.52,308.77M
2018-01-08,2513.28,311.43M
2018-01-09,2510.23,374.32M
2018-01-10,2499.75,444.02M
2018-01-11,2487.91,444.34M
2018-01-12,2496.42,438.78M
2018-01-15,2503.73,404.55M
2018-01-16,2521.7400000000002,341.61M
2018-01-17,2515.43,336.71M
2018-01-18,2515.81,333.11M
2018-01-19,2520.26,351.84M
2018-01-22,2502.11,342.99M
2018-01-23,2536.6,370.01M
2018-01-24,2538.0,371.09M
2018-01-25,2562.23,514.60M
2018-01-26,2574.76,400.65M
2018-01-29,2598.19,437.48M
2018-01-30,2567.7400000000002,397.04M
2018-01-31,2566.46,403.05M
2018-02-01,2568.54,595.15M
2018-02-02,2525.39,481.82M
2018-02-05,2491.75,442.35M
2018-02-06,2453.31,582.84M
2018-02-07,2396.56,460.08M
2018-02-08,2407.62,362.42M
2018-02-09,2363.77,489.11M
2018-02-12,2385.38,352.29M
2018-02-13,2395.19,423.42M
2018-02-14,2421.83,305.74M
2018-02-19,2442.82,322.14M
2018-02-20,2415.12,421.49M
2018-02-21,2429.65,432.28M
2018-02-22,2414.28,349.49M
2018-02-23,2451.52,300.58M
2018-02-26,2457.65,321.26M
2018-02-27,2456.14,271.23M
2018-02-28,2427.36,367.56M
2018-03-02,2402.16,320.40M
2018-03-05,2375.06,312.25M
2018-03-06,2411.41,400.11M
2018-03-07,2401.82,412.97M
2018-03-08,2433.08,394.85M
2018-03-09,2459.4500000000003,437.26M
2018-03-12,2484.12,391.30M
2018-03-13,2494.4900000000002,350.20M
2018-03-14,2486.08,360.87M
2018-03-15,2492.38,344.01M
2018-03-16,2493.9700000000003,377.77M
2018-03-19,2475.03,477.22M
2018-03-20,2485.52,291.50M
2018-03-21,2484.9700000000003,399.07M
2018-03-22,2496.02,482.14M
2018-03-23,2416.76,457.95M
2018-03-26,2437.08,306.90M
2018-03-27,2452.06,332.13M
2018-03-28,2419.29,501.31M
2018-03-29,2436.37,333.36M
2018-03-30,2445.85,395.33M
2018-04-02,2444.16,390.32M
2018-04-03,2442.43,497.14M
2018-04-04,2408.06,551.70M
2018-04-05,2437.52,591.04M
2018-04-06,2429.58,454.31M
2018-04-09,2444.08,334.42M
2018-04-10,2450.7400000000002,356.39M
2018-04-11,2444.2200000000003,355.19M
2018-04-12,2442.71,441.57M
2018-04-13,2455.07,395.89M
2018-04-16,2457.4900000000002,347.17M
2018-04-17,2453.77,394.70M
2018-04-18,2479.98,647.29M
2018-04-19,2486.1,727.03M
2018-04-20,2476.33,531.72M
2018-04-23,2474.11,701.42M
2018-04-24,2464.14,524.28M
2018-04-25,2448.81,466.10M
2018-04-26,2475.64,520.92M
2018-04-27,2492.4,464.96M
2018-04-30,2515.38,746.29M
2018-05-02,2505.61,807.59M
2018-05-03,2487.25,614.10M
2018-05-04,2461.38,612.02M
2018-05-08,2449.81,714.73M
2018-05-09,2443.98,593.37M
2018-05-10,2464.16,490.00M
2018-05-11,2477.71,599.90M
2018-05-14,2476.11,650.71M
2018-05-15,2458.54,712.62M
2018-05-16,2459.82,691.81M
2018-05-17,2448.4500000000003,596.77M
2018-05-18,2460.65,431.38M
2018-05-21,2465.57,588.09M
2018-05-23,2471.91,752.68M
2018-05-24,2466.01,638.12M
2018-05-25,2460.8,653.59M
2018-05-28,2478.96,708.36M
2018-05-29,2457.25,571.84M
2018-05-30,2409.03,575.92M
2018-05-31,2423.01,816.93M
2018-06-01,2438.96,603.02M
2018-06-04,2447.76,438.93M
2018-06-05,2453.76,501.36M
2018-06-07,2470.58,474.15M
2018-06-08,2451.58,530.16M
2018-06-11,2470.15,427.95M
2018-06-12,2468.83,613.17M
2018-06-14,2423.48,533.45M
2018-06-15,2404.04,502.36M
2018-06-18,2376.2400000000002,564.82M
2018-06-19,2340.11,606.30M
2018-06-20,2363.91,456.00M
2018-06-21,2337.83,438.26M
2018-06-22,2357.2200000000003,537.26M
2018-06-25,2357.88,415.08M
2018-06-26,2350.92,470.91M
2018-06-27,2342.03,526.62M
2018-06-28,2314.2400000000002,414.37M
2018-06-29,2326.13,396.66M
2018-07-02,2271.54,393.26M
2018-07-03,2272.76,366.03M
2018-07-04,2265.46,315.10M
2018-07-05,2257.55,346.88M
2018-07-06,2272.87,344.43M
2018-07-09,2285.8,352.64M
2018-07-10,2294.16,339.92M
2018-07-11,2280.62,422.99M
2018-07-12,2285.06,364.41M
2018-07-13,2310.9,291.56M
2018-07-16,2301.9900000000002,297.12M
2018-07-17,2297.92,379.03M
2018-07-18,2290.11,402.77M
2018-07-19,2282.29,464.52M
2018-07-20,2289.19,353.24M
2018-07-23,2269.31,334.29M
2018-07-24,2280.2000000000003,436.13M
2018-07-25,2273.03,309.32M
2018-07-26,2289.06,303.33M
2018-07-27,2294.9900000000002,262.14M
2018-07-30,2293.51,206.50M
2018-07-31,2295.26,223.93M
2018-08-01,2307.07,219.03M
2018-08-02,2270.2000000000003,352.06M
2018-08-03,2287.68,270.49M
2018-08-06,2286.5,244.55M
2018-08-07,2300.16,230.34M
2018-08-08,2301.4500000000003,299.69M
2018-08-09,2303.71,244.88M
2018-08-10,2282.79,286.16M
2018-08-13,2248.4500000000003,335.38M
2018-08-14,2258.91,255.22M
2018-08-16,2240.8,312.52M
2018-08-17,2247.05,238.38M
2018-08-20,2247.88,271.60M
2018-08-21,2270.06,294.34M
2018-08-22,2273.33,269.27M
2018-08-23,2282.6,338.39M
2018-08-24,2293.21,347.29M
2018-08-27,2299.3,307.04M
2018-08-28,2303.12,276.89M
2018-08-29,2309.03,268.21M
2018-08-30,2307.35,286.93M
2018-08-31,2322.88,255.91M
2018-09-03,2307.03,230.51M
2018-09-04,2315.7200000000003,277.01M
2018-09-05,2291.77,358.19M
2018-09-06,2287.61,387.51M
2018-09-07,2281.58,357.56M
2018-09-10,2288.66,312.61M
2018-09-11,2283.2000000000003,368.21M
2018-09-12,2282.92,336.83M
2018-09-13,2286.23,301.31M
2018-09-14,2318.25,292.24M
2018-09-17,2303.01,343.17M
2018-09-18,2308.98,309.24M
2018-09-19,2308.46,350.95M
2018-09-20,2323.4500000000003,289.08M
2018-09-21,2339.17,321.70M
2018-09-27,2355.43,279.23M
2018-09-28,2343.07,317.87M
2018-10-01,2338.88,278.31M
2018-10-02,2309.57,287.87M
2018-10-04,2274.4900000000002,309.50M
2018-10-05,2267.52,282.14M
2018-10-08,2253.83,214.64M
2018-10-10,2228.61,365.68M
2018-10-11,2129.67,411.92M
2018-10-12,2161.85,292.57M
2018-10-15,2145.12,259.18M
2018-10-16,2145.12,222.51M
2018-10-17,2167.51,275.16M
2018-10-18,2148.31,321.76M
2018-10-19,2156.26,351.77M
2018-10-22,2161.71,308.74M
2018-10-23,2106.1,373.47M
2018-10-24,2097.58,399.73M
2018-10-25,2063.3,376.01M
2018-10-26,2027.15,449.20M
2018-10-29,1996.05,427.30M
2018-10-30,2014.69,441.58M
2018-10-31,2029.69,373.03M
2018-11-01,2024.46,343.81M
2018-11-02,2096.0,371.98M
2018-11-05,2076.92,361.30M
2018-11-06,2089.62,315.82M
2018-11-07,2078.69,485.22M
2018-11-08,2092.63,328.03M
2018-11-09,2086.09,298.07M
2018-11-12,2080.44,295.53M
2018-11-13,2071.23,383.42M
2018-11-14,2068.05,339.05M
2018-11-15,2088.06,351.04M
2018-11-16,2092.4,301.60M
2018-11-19,2100.56,273.20M
2018-11-20,2082.58,281.68M
2018-11-21,2076.55,267.90M
2018-11-22,2069.95,242.50M
2018-11-23,2057.48,227.20M
2018-11-26,2083.02,237.71M
2018-11-27,2099.42,239.21M
2018-11-28,2108.2200000000003,300.08M
2018-11-29,2114.1,307.23M
2018-11-30,2096.86,427.35M
2018-12-03,2131.93,436.59M
2018-12-04,2114.35,507.52M
2018-12-05,2101.31,492.72M
2018-12-06,2068.69,537.41M
2018-12-07,2075.76,371.59M
2018-12-10,2053.79,344.16M
2018-12-11,2052.9700000000003,273.93M
2018-12-12,2082.57,457.13M
2018-12-13,2095.55,379.82M
2018-12-14,2069.38,448.24M
2018-12-17,2071.09,444.52M
2018-12-18,2062.11,429.53M
2018-12-19,2078.84,418.80M
2018-12-20,2060.12,421.06M
2018-12-21,2061.4900000000002,311.39M
2018-12-24,2055.01,285.28M
2018-12-26,2028.01,321.50M
2018-12-27,2028.44,398.02M
2018-12-28,2041.04,352.68M
2019-01-02,2010.0,326.37M
2019-01-03,1993.7,427.98M
2019-01-04,2010.25,408.99M
2019-01-07,2037.1000000000001,440.19M
2019-01-08,2025.27,397.83M
2019-01-09,2064.71,386.25M
2019-01-10,2063.28,382.88M
2019-01-11,2075.57,380.06M
2019-01-14,2064.52,432.89M
2019-01-15,2097.18,439.49M
2019-01-16,2106.1,500.08M
2019-01-17,2107.06,475.88M
2019-01-18,2124.28,456.74M
2019-01-21,2124.61,398.03M
2019-01-22,2117.77,419.44M
2019-01-23,2127.78,408.60M
2019-01-24,2145.03,413.65M
2019-01-25,2177.73,410.00M
2019-01-28,2177.3,371.62M
2019-01-29,2183.36,552.59M
2019-01-30,2206.2000000000003,480.39M
2019-01-31,2204.85,545.25M
2019-02-01,2203.46,479.38M
2019-02-07,2203.42,427.84M
2019-02-08,2177.05,391.03M
2019-02-11,2180.73,406.06M
2019-02-12,2190.4700000000003,429.94M
2019-02-13,2201.48,421.99M
2019-02-14,2225.85,573.36M
2019-02-15,2196.09,400.59M
2019-02-18,2210.89,314.37M
2019-02-19,2205.63,389.09M
2019-02-20,2229.76,374.34M
2019-02-21,2228.66,382.51M
2019-02-22,2230.5,409.31M
2019-02-25,2232.56,339.23M
2019-02-26,2226.6,331.96M
2019-02-27,2234.79,301.51M
2019-02-28,2195.44,510.02M
2019-03-04,2190.66,373.17M
2019-03-05,2179.23,313.14M
2019-03-06,2175.6,328.94M
2019-03-07,2165.79,292.58M
2019-03-08,2137.44,313.31M
2019-03-11,2138.1,272.10M
2019-03-12,2157.18,355.28M
2019-03-13,2148.41,285.60M
2019-03-14,2155.68,341.01M
2019-03-15,2176.11,387.14M
2019-03-18,2179.4900000000002,257.95M
2019-03-19,2177.62,319.70M
2019-03-20,2177.1,317.61M
2019-03-21,2184.88,342.75M
2019-03-22,2186.9500000000003,333.62M
2019-03-25,2144.86,307.07M
2019-03-26,2148.8,301.25M
2019-03-27,2145.62,363.17M
2019-03-28,2128.1,288.04M
2019-03-29,2140.67,364.62M
2019-04-01,2168.28,263.31M
2019-04-02,2177.18,257.45M
2019-04-03,2203.27,358.64M
2019-04-04,2206.53,431.01M
2019-04-05,2209.61,517.15M
2019-04-08,2210.6,347.91M
2019-04-09,2213.56,414.81M
2019-04-10,2224.39,399.69M
2019-04-11,2224.44,402.02M
2019-04-12,2233.4500000000003,449.63M
2019-04-15,2242.88,404.16M
2019-04-16,2248.63,569.06M
2019-04-17,2245.89,452.47M
2019-04-18,2213.77,573.34M
2019-04-19,2216.15,525.26M
2019-04-22,2216.65,493.98M
2019-04-23,2220.51,481.18M
2019-04-24,2201.03,575.10M
2019-04-25,2190.5,441.14M
2019-04-26,2179.31,570.17M
2019-04-29,2216.43,380.82M
2019-04-30,2203.59,381.41M
2019-05-02,2212.75,369.06M
2019-05-03,2196.32,617.88M
2019-05-07,2176.9900000000002,484.10M
2019-05-08,2168.01,456.33M
2019-05-09,2102.01,743.51M
2019-05-10,2108.04,714.77M
2019-05-13,2079.01,505.75M
2019-05-14,2081.84,696.20M
2019-05-15,2092.78,577.79M
2019-05-16,2067.69,745.16M
2019-05-17,2055.8,537.38M
2019-05-20,2055.71,640.20M
2019-05-21,2061.25,526.86M
2019-05-22,2064.86,509.97M
2019-05-23,2059.59,509.27M
2019-05-24,2045.31,480.65M
2019-05-27,2044.21,351.62M
2019-05-28,2048.83,494.48M
2019-05-29,2023.32,380.89M
2019-05-30,2038.8,461.85M
2019-05-31,2041.74,439.18M
2019-06-03,2067.85,387.14M
2019-06-04,2066.9700000000003,435.99M
2019-06-05,2069.11,380.16M
2019-06-07,2072.33,368.39M
2019-06-10,2099.4900000000002,457.64M
2019-06-11,2111.81,550.74M
2019-06-12,2108.75,693.51M
2019-06-13,2103.15,553.39M
2019-06-14,2095.41,473.37M
2019-06-17,2090.73,561.55M
2019-06-18,2098.71,600.96M
2019-06-19,2124.78,862.98M
2019-06-20,2131.29,1.01B
2019-06-21,2125.62,692.03M
2019-06-24,2126.33,669.64M
2019-06-25,2121.64,643.00M
2019-06-26,2121.85,736.85M
2019-06-27,2134.32,644.90M
2019-06-28,2130.62,537.27M
2019-07-01,2129.7400000000002,412.29M
2019-07-02,2122.02,460.83M
2019-07-03,2096.02,522.71M
2019-07-04,2108.73,446.93M
2019-07-05,2110.59,459.39M
2019-07-08,2064.17,515.95M
2019-07-09,2052.03,440.12M
2019-07-10,2058.78,355.68M
2019-07-11,2080.58,376.68M
2019-07-12,2086.66,403.94M
2019-07-15,2082.48,463.52M
2019-07-16,2091.87,682.80M
2019-07-17,2072.92,761.63M
2019-07-18,2066.55,446.64M
2019-07-19,2094.36,394.90M
2019-07-22,2093.34,332.63M
2019-07-23,2101.45,648.12M
2019-07-24,2082.3,851.39M
2019-07-25,2074.48,598.63M
2019-07-26,2066.26,589.07M
2019-07-29,2029.48,608.67M
2019-07-30,2038.68,547.03M
2019-07-31,2024.55,589.39M
2019-08-01,2017.3400000000001,461.74M
2019-08-02,1998.13,438.54M
2019-08-05,1946.98,639.60M
2019-08-06,1917.5,739.59M
2019-08-07,1909.71,760.78M
2019-08-08,1920.6100000000001,777.16M
2019-08-09,1937.75,654.34M
2019-08-12,1942.29,427.14M
2019-08-13,1925.83,660.04M
2019-08-14,1938.3700000000001,699.59M
2019-08-16,1927.17,421.68M
2019-08-19,1939.9,481.02M
2019-08-20,1960.25,463.60M
2019-08-21,1964.65,391.57M
2019-08-22,1951.01,435.56M
2019-08-23,1948.3,381.09M
2019-08-26,1916.31,324.85M
2019-08-27,1924.6000000000001,427.04M
2019-08-28,1941.0900000000001,284.34M
2019-08-29,1933.41,285.10M
2019-08-30,1967.79,317.73M
2019-09-02,1969.19,262.15M
2019-09-03,1965.69,342.08M
2019-09-04,1988.53,348.72M
2019-09-05,2004.75,488.07M
2019-09-06,2009.13,384.44M
2019-09-09,2019.55,511.82M
2019-09-10,2032.0800000000002,504.39M
2019-09-11,2049.2,429.08M
2019-09-16,2062.2200000000003,493.52M
2019-09-17,2062.33,508.00M
2019-09-18,2070.73,613.15M
2019-09-19,2080.35,493.04M
2019-09-20,2091.52,589.92M
2019-09-23,2091.7,420.95M
2019-09-24,2101.04,535.77M
2019-09-25,2073.39,651.55M
2019-09-26,2074.52,430.58M
2019-09-27,2049.93,285.94M
2019-09-30,2063.05,327.62M
2019-10-01,2072.42,389.34M
2019-10-02,2031.91,414.46M
2019-10-04,2020.69,402.94M
2019-10-07,2021.73,322.18M
2019-10-08,2046.25,437.52M
2019-10-10,2028.15,445.85M
2019-10-11,2044.6100000000001,381.15M
2019-10-14,2067.4,511.22M
2019-10-15,2068.17,464.53M
2019-10-16,2082.83,524.54M
2019-10-17,2077.94,314.18M
2019-10-18,2060.69,516.69M
2019-10-21,2064.84,606.11M
2019-10-22,2088.86,504.06M
2019-10-23,2080.62,429.45M
2019-10-24,2085.66,367.72M
2019-10-25,2087.89,348.69M
2019-10-28,2093.6,269.23M
2019-10-29,2092.69,357.66M
2019-10-30,2080.27,415.55M
2019-10-31,2083.48,461.32M
2019-11-01,2100.2,418.31M
2019-11-04,2130.2400000000002,476.26M
2019-11-05,2142.64,400.64M
2019-11-06,2144.15,410.08M
2019-11-07,2144.29,425.66M
2019-11-08,2137.23,574.13M
2019-11-11,2124.09,617.27M
2019-11-12,2140.92,610.43M
2019-11-13,2122.45,664.36M
2019-11-14,2139.23,521.11M
2019-11-15,2162.18,556.25M
2019-11-18,2160.69,489.23M
2019-11-19,2153.2400000000002,826.88M
2019-11-20,2125.32,581.06M
2019-11-21,2096.6,579.55M
2019-11-22,2101.96,519.85M
2019-11-25,2123.5,397.68M
2019-11-26,2121.35,532.60M
2019-11-27,2127.85,367.80M
2019-11-28,2118.6,335.23M
2019-11-29,2087.96,433.26M
2019-12-02,2091.92,385.34M
2019-12-03,2084.07,450.04M
2019-12-04,2068.89,347.00M
2019-12-05,2060.7400000000002,472.19M
2019-12-06,2081.85,440.19M
2019-12-09,2088.65,393.13M
2019-12-10,2098.0,500.06M
2019-12-11,2105.62,668.73M
2019-12-12,2137.35,584.64M
2019-12-13,2170.25,540.03M
2019-12-16,2168.15,377.05M
2019-12-17,2195.68,599.53M
2019-12-18,2194.76,591.11M
2019-12-19,2196.56,643.14M
2019-12-20,2204.18,646.68M
2019-12-23,2203.71,502.03M
2019-12-24,2190.08,569.97M
2019-12-26,2197.93,571.31M
2019-12-27,2204.21,490.17M
2019-12-30,2197.67,416.40M
2020-01-02,2175.17,494.68M
2020-01-03,2176.46,631.56M
2020-01-06,2155.07,592.67M
2020-01-07,2175.54,568.24M
2020-01-08,2151.31,913.83M
2020-01-09,2186.4500000000003,592.60M
2020-01-10,2206.39,594.54M
2020-01-13,2229.26,488.29M
2020-01-14,2238.88,835.90M
2020-01-15,2230.98,746.16M
2020-01-16,2248.05,808.33M
2020-01-17,2250.57,580.82M
2020-01-20,2262.64,545.49M
2020-01-21,2239.69,770.32M
2020-01-22,2267.25,608.51M
2020-01-23,2246.13,509.61M
2020-01-28,2176.7200000000003,808.88M
2020-01-29,2185.28,692.30M
2020-01-30,2148.0,602.84M
2020-01-31,2119.01,710.51M
2020-02-03,2118.88,836.70M
2020-02-04,2157.9,624.64M
2020-02-05,2165.63,574.40M
2020-02-06,2227.94,695.22M
2020-02-07,2211.9500000000003,800.34M
2020-02-10,2201.07,609.57M
2020-02-11,2223.12,526.21M
2020-02-12,2238.38,632.46M
2020-02-13,2232.96,638.67M
2020-02-14,2243.59,597.22M
2020-02-17,2242.17,458.25M
2020-02-18,2208.88,470.42M
2020-02-19,2210.34,591.16M
2020-02-20,2195.5,709.56M
2020-02-21,2162.84,635.47M
2020-02-24,2079.04,948.62M
2020-02-25,2103.61,1.57B
2020-02-26,2076.77,810.94M
2020-02-27,2054.89,562.77M
2020-02-28,1987.01,671.55M
2020-03-02,2002.51,528.10M
2020-03-03,2014.15,615.69M
2020-03-04,2059.33,606.29M
2020-03-05,2085.26,675.20M
2020-03-06,2040.22,865.59M
2020-03-09,1954.77,666.87M
2020-03-10,1962.93,638.56M
2020-03-11,1908.27,679.72M
2020-03-12,1834.33,850.34M
2020-03-13,1771.44,1.04B
2020-03-16,1714.8600000000001,682.00M
2020-03-17,1672.44,649.78M
2020-03-18,1591.2,728.01M
2020-03-19,1457.64,977.67M
2020-03-20,1566.15,817.02M
2020-03-23,1482.46,647.53M
2020-03-24,1609.97,679.29M
2020-03-25,1704.76,872.81M
2020-03-26,1686.24,992.47M
2020-03-27,1717.73,1.08B
2020-03-30,1717.1200000000001,767.78M
2020-03-31,1754.64,1.04B
2020-04-01,1685.46,1.24B
2020-04-02,1724.8600000000001,766.31M
2020-04-03,1725.44,1.00B
2020-04-06,1791.88,1.22B
2020-04-07,1823.6000000000001,951.74M
2020-04-08,1807.14,907.49M
2020-04-09,1836.21,920.57M
2020-04-10,1860.7,992.55M
2020-04-13,1825.76,1.02B
2020-04-14,1857.08,886.77M
2020-04-16,1857.07,878.34M
2020-04-17,1914.53,1.67B
2020-04-20,1898.3600000000001,1.09B
2020-04-21,1879.38,1.17B
2020-04-22,1896.15,820.36M
2020-04-23,1914.73,683.72M
2020-04-24,1889.01,933.92M
2020-04-27,1922.77,735.66M
2020-04-28,1934.0900000000001,1.17B
2020-04-29,1947.56,1.98B
2020-05-04,1895.3700000000001,1.15B
2020-05-06,1928.76,1.08B
2020-05-07,1928.6100000000001,775.66M
2020-05-08,1945.82,784.77M
2020-05-11,1935.4,591.28M
2020-05-12,1922.17,799.93M
2020-05-13,1940.42,618.78M
2020-05-14,1924.96,760.65M
2020-05-15,1927.28,866.36M
2020-05-18,1937.1100000000001,761.69M
2020-05-19,1980.6100000000001,773.41M
2020-05-20,1989.64,699.45M
2020-05-21,1998.31,601.20M
2020-05-22,1970.13,847.47M
2020-05-25,1994.6000000000001,641.46M
2020-05-26,2029.78,1.02B
2020-05-27,2031.2,1.18B
2020-05-28,2028.54,1.17B
2020-05-29,2029.6000000000001,1.09B
2020-06-01,2065.08,997.35M
2020-06-02,2087.19,1.00B
2020-06-03,2147.0,1.15B
2020-06-04,2151.18,1.39B
2020-06-05,2181.87,854.59M
2020-06-08,2184.29,854.04M
2020-06-09,2188.92,817.08M
2020-06-10,2195.69,706.29M
2020-06-11,2176.78,827.38M
2020-06-12,2132.3,689.90M
2020-06-15,2030.82,1.07B
2020-06-16,2138.05,973.64M
2020-06-17,2141.05,927.52M
2020-06-18,2133.48,767.18M
2020-06-19,2141.32,1.08B
2020-06-22,2126.73,789.37M
2020-06-23,2131.2400000000002,917.57M
2020-06-24,2161.51,913.90M
2020-06-25,2112.37,1.02B
2020-06-26,2134.65,761.04M
2020-06-29,2093.48,643.16M
2020-06-30,2108.33,708.60M
2020-07-01,2106.7,1.12B
2020-07-02,2135.37,1.09B
2020-07-03,2152.41,770.05M
2020-07-06,2187.93,666.90M
2020-07-07,2164.17,847.43M
2020-07-08,2158.88,677.81M
2020-07-09,2167.9,619.37M
2020-07-10,2150.25,886.99M
2020-07-13,2186.06,650.23M
2020-07-14,2183.61,810.95M
2020-07-15,2201.88,830.27M
2020-07-16,2183.76,784.64M
2020-07-17,2201.19,569.30M
2020-07-20,2198.2000000000003,686.82M
2020-07-21,2228.83,918.48M
2020-07-22,2228.66,856.22M
2020-07-23,2216.19,934.54M
2020-07-24,2200.44,1.00B
2020-07-27,2217.86,928.62M
2020-07-28,2256.9900000000002,866.72M
2020-07-29,2263.16,899.49M
2020-07-30,2267.01,713.04M
2020-07-31,2249.37,739.69M
2020-08-03,2251.04,648.46M
2020-08-04,2279.9700000000003,722.91M
2020-08-05,2311.86,841.30M
2020-08-06,2342.61,797.15M
2020-08-07,2351.67,812.59M
2020-08-10,2386.38,784.62M
2020-08-11,2418.67,843.44M
2020-08-12,2432.35,763.73M
2020-08-13,2437.53,907.22M
2020-08-14,2407.4900000000002,968.12M
2020-08-18,2348.2400000000002,909.75M
2020-08-19,2360.54,637.96M
2020-08-20,2274.2200000000003,903.74M
2020-08-21,2304.59,865.73M
2020-08-24,2329.83,649.28M
2020-08-25,2366.73,771.58M
2020-08-26,2369.32,956.48M
2020-08-27,2344.4500000000003,913.92M
2020-08-28,2353.8,1.30B
2020-08-31,2326.17,1.65B
2020-09-01,2349.55,1.09B
2020-09-02,2364.37,1.43B
2020-09-03,2395.9,981.55M
2020-09-04,2368.25,1.35B
2020-09-07,2384.2200000000003,1.20B
2020-09-08,2401.91,979.36M
2020-09-09,2375.81,946.25M
2020-09-10,2396.48,1.06B
2020-09-11,2396.69,882.88M
2020-09-14,2427.91,963.08M
2020-09-15,2443.58,849.97M
2020-09-16,2435.92,772.94M
2020-09-17,2406.17,853.74M
2020-09-18,2412.4,756.52M
2020-09-21,2389.39,1.04B
2020-09-22,2332.59,1.05B
2020-09-23,2333.2400000000002,735.04M
2020-09-24,2272.7000000000003,714.88M
2020-09-25,2278.79,697.96M
2020-09-28,2308.08,605.98M
2020-09-29,2327.89,646.22M
2020-10-05,2358.0,763.62M
2020-10-06,2365.9,861.75M
2020-10-07,2386.94,737.99M
2020-10-08,2391.96,961.73M
2020-10-12,2403.73,843.57M
2020-10-13,2403.15,724.92M
2020-10-14,2380.48,901.18M
2020-10-15,2361.21,1.17B
2020-10-16,2341.53,920.20M
2020-10-19,2346.7400000000002,931.64M
2020-10-20,2358.41,874.29M
2020-10-21,2370.86,812.84M
2020-10-22,2355.05,815.61M
2020-10-23,2360.81,890.38M
2020-10-26,2343.91,822.27M
2020-10-27,2330.84,666.94M
2020-10-28,2345.26,705.77M
2020-10-29,2326.67,509.77M
2020-10-30,2267.15,795.59M
2020-11-02,2300.16,678.50M
2020-11-03,2343.31,887.44M
2020-11-04,2357.32,986.79M
2020-11-05,2413.79,702.04M
2020-11-06,2416.5,825.57M
2020-11-09,2447.2000000000003,1.35B
2020-11-10,2452.83,1.46B
2020-11-11,2485.87,1.27B
2020-11-12,2475.62,1.28B
2020-11-13,2493.87,1.07B
2020-11-16,2543.03,1.24B
2020-11-17,2539.15,1.27B
2020-11-18,2545.64,923.50M
2020-11-19,2547.42,976.48M
2020-11-20,2553.5,1.13B
2020-11-23,2602.59,1.65B
2020-11-24,2617.76,1.36B
2020-11-25,2601.54,1.41B
2020-11-26,2625.91,1.39B
2020-11-27,2633.4500000000003,1.20B
2020-11-30,2591.34,1.31B
2020-12-01,2634.25,1.15B
2020-12-02,2675.9,1.08B
2020-12-03,2696.2200000000003,817.07M
2020-12-04,2731.4500000000003,1.78B
2020-12-07,2745.44,1.50B
2020-12-08,2700.93,1.42B
2020-12-09,2755.4700000000003,1.25B
2020-12-10,2746.46,1.23B
2020-12-11,2770.06,1.22B
2020-12-14,2762.2000000000003,1.11B
2020-12-15,2756.82,1.09B
2020-12-16,2771.79,1.17B
2020-12-17,2770.43,1.02B
2020-12-18,2772.18,1.06B
2020-12-21,2778.65,1.14B
2020-12-22,2733.68,1.26B
2020-12-23,2759.82,1.12B
2020-12-24,2806.86,1.03B
2020-12-28,2808.6,1.01B
2020-12-29,2820.51,1.05B
2020-12-30,2873.4700000000003,1.07B
