예측대상일자,배추_가격(원/kg),무_가격(원/kg),양파_가격(원/kg),건고추_가격(원/kg),마늘_가격(원/kg),대파_가격(원/kg),얼갈이배추_가격(원/kg),양배추_가격(원/kg),깻잎_가격(원/kg),시금치_가격(원/kg),미나리_가격(원/kg),당근_가격(원/kg),파프리카_가격(원/kg),새송이_가격(원/kg),팽이버섯_가격(원/kg),토마토_가격(원/kg),청상추_가격(원/kg),백다다기_가격(원/kg),애호박_가격(원/kg),캠벨얼리_가격(원/kg),샤인마스캇_가격(원/kg)
2020-09-29+1week,1600.860595703125,664.0732421875,850.016357421875,722.2030639648438,1986.0450439453125,1953.5906982421875,1917.893310546875,989.8381958007812,6119.822265625,3461.0576171875,3562.770751953125,1818.005859375,6019.8515625,2953.1904296875,3037.16748046875,1854.3297119140625,10446.5126953125,1428.2740478515625,3201.64013671875,6305.18896484375,
2020-09-29+2week,1472.6014404296875,681.93701171875,824.1281127929688,535.0042724609375,1929.7171630859375,1861.18701171875,1965.9090576171875,1014.1736450195312,6293.73974609375,3839.322265625,3456.60546875,1887.62646484375,6105.69287109375,2939.0205078125,2983.275146484375,2297.591064453125,10617.5595703125,1438.55517578125,3036.22802734375,5719.33154296875,
2020-09-29+4week,1522.2918701171875,683.0592651367188,866.1859741210938,446.35302734375,1913.819091796875,1882.447509765625,1960.2071533203125,1022.3935546875,6420.0263671875,4285.26220703125,3781.96142578125,1909.266357421875,6821.02099609375,2877.669921875,3046.753662109375,2735.69384765625,10410.853515625,1413.901123046875,3398.788330078125,5245.14990234375,
2020-09-30+1week,1723.4254150390625,696.0117797851562,830.0890502929688,732.4906616210938,2033.5955810546875,2013.01904296875,1964.030029296875,1002.535400390625,6397.65771484375,4128.8564453125,3764.335205078125,1842.3607177734375,6396.6396484375,2984.5146484375,3087.369140625,1932.1756591796875,10867.0185546875,1468.5311279296875,3380.659423828125,6941.39453125,
2020-09-30+2week,1585.7369384765625,708.7791137695312,808.439208984375,556.6565551757812,1964.891357421875,1908.5400390625,2011.2308349609375,1024.9273681640625,6513.26953125,4729.1943359375,3672.816162109375,1925.2327880859375,6398.47509765625,2981.676025390625,3019.30859375,2332.015380859375,11038.1943359375,1478.1732177734375,3181.41796875,6393.681640625,
2020-09-30+4week,1587.5299072265625,705.139892578125,850.7763671875,455.3088073730469,1930.619873046875,1930.5936279296875,2022.96484375,1035.6871337890625,6684.19189453125,4950.49169921875,4007.29541015625,1932.253173828125,7096.0732421875,2914.720703125,3078.466796875,2734.208740234375,10865.3486328125,1467.7620849609375,3530.279541015625,5729.599609375,
2020-10-01+1week,1515.9957275390625,678.2755126953125,758.9688720703125,728.63623046875,1981.488037109375,2035.90625,1900.7938232421875,986.227783203125,6531.9609375,4673.6044921875,3816.6015625,1701.54345703125,6293.4560546875,2967.992919921875,3062.315185546875,1874.9261474609375,10942.3466796875,1471.56982421875,3393.8173828125,6347.7451171875,
2020-10-01+2week,1377.234619140625,693.8038940429688,749.8404541015625,499.3323974609375,1921.65380859375,1929.7584228515625,1951.1729736328125,1013.3667602539062,6667.63818359375,5270.73388671875,3710.51806640625,1781.2490234375,6317.7578125,2954.456787109375,2998.7529296875,2249.196533203125,11147.630859375,1464.356201171875,3207.311767578125,5823.6279296875,
2020-10-01+4week,1439.3177490234375,692.87451171875,786.6448364257812,452.8388671875,1891.5338134765625,1951.9097900390625,1958.9976806640625,1026.8133544921875,6792.943359375,5370.98974609375,4042.103271484375,1811.665771484375,6866.72607421875,2899.563720703125,3063.565673828125,2605.575439453125,10881.3671875,1460.93310546875,3509.245849609375,5435.5068359375,
2020-10-02+1week,1263.1275634765625,651.2871704101562,691.3486328125,715.3484497070312,1923.2427978515625,2033.5615234375,1806.240966796875,964.6250610351562,6592.5576171875,5038.92333984375,3796.52880859375,1634.4423828125,6075.1875,2940.596435546875,3012.05224609375,1805.179443359375,10910.876953125,1462.247802734375,3371.255126953125,5608.1904296875,
2020-10-02+2week,1156.351318359375,671.3846435546875,696.022216796875,461.58013916015625,1876.201416015625,1930.667724609375,1864.250244140625,995.8870239257812,6753.90478515625,5548.70751953125,3673.918701171875,1714.3187255859375,6131.3173828125,2916.873291015625,2956.909912109375,2153.346435546875,11134.2041015625,1448.8861083984375,3199.7412109375,5092.71435546875,
2020-10-02+4week,1299.23583984375,676.0836791992188,730.8971557617188,455.2427673339844,1857.9288330078125,1952.772705078125,1865.1446533203125,1012.1832885742188,6822.33740234375,5599.0888671875,3985.3388671875,1762.3365478515625,6557.8310546875,2872.329345703125,3025.717041015625,2470.10693359375,10786.447265625,1434.84912109375,3455.153564453125,4847.31689453125,
2020-10-03+1week,1052.3031005859375,627.308349609375,638.9712524414062,701.2070922851562,1880.7265625,2015.8953857421875,1712.0172119140625,944.0878295898438,6621.017578125,5251.9423828125,3740.744140625,1611.81396484375,5864.55419921875,2913.510498046875,2957.59423828125,1752.493408203125,10852.7333984375,1453.12451171875,3348.270263671875,5022.08203125,
2020-10-03+2week,992.6558227539062,651.6784057617188,655.1376953125,442.5917663574219,1845.0213623046875,1918.146484375,1778.5682373046875,977.8743896484375,6796.1435546875,5657.431640625,3606.089599609375,1691.4678955078125,5940.54638671875,2883.4873046875,2909.3291015625,2073.500732421875,11077.9208984375,1441.91357421875,3186.3486328125,4502.40625,
2020-10-03+4week,1209.643798828125,662.2852172851562,692.0934448242188,456.14849853515625,1838.9163818359375,1940.7415771484375,1775.775634765625,996.996337890625,6821.287109375,5692.38330078125,3886.3349609375,1748.41943359375,6292.45751953125,2845.576171875,2979.349609375,2360.491455078125,10681.259765625,1410.537353515625,3405.98828125,4249.27197265625,
2020-10-04+1week,901.16845703125,544.4273681640625,601.4901733398438,690.5364379882812,1854.6151123046875,1970.34814453125,1630.4295654296875,925.9144897460938,5699.5654296875,5352.404296875,3669.095703125,1603.7503662109375,5694.53857421875,2889.775146484375,2906.8974609375,1404.9205322265625,9138.8759765625,1447.625,2444.43896484375,4627.47314453125,
2020-10-04+2week,889.05029296875,583.6426391601562,625.8269653320312,433.5682373046875,1827.4312744140625,1877.9852294921875,1704.036865234375,961.0435791015625,6083.59814453125,5663.92236328125,3527.342529296875,1681.1842041015625,5780.2587890625,2856.591552734375,2862.69921875,1732.6805419921875,9325.2666015625,1441.58447265625,2466.796875,4100.62158203125,
2020-10-04+4week,1163.8363037109375,613.544189453125,667.3834228515625,453.87957763671875,1831.300048828125,1907.5030517578125,1701.7791748046875,982.847900390625,5929.41162109375,5694.67138671875,3772.376953125,1742.5394287109375,6093.02392578125,2822.640625,2932.0478515625,2006.9874267578125,8921.6611328125,1393.7010498046875,2632.433349609375,3771.636962890625,
2020-10-05+1week,803.6841430664062,503.47113037109375,575.6798095703125,683.9823608398438,1840.603515625,1905.623291015625,1564.8675537109375,910.1754760742188,5195.16162109375,5374.982421875,3593.757568359375,1598.0224609375,5567.3037109375,2869.925537109375,2863.274658203125,1252.3170166015625,8195.05078125,1445.4033203125,2066.51953125,4385.12451171875,
2020-10-05+2week,832.2365112304688,550.1489868164062,605.1944580078125,429.373046875,1819.23876953125,1824.077880859375,1643.25341796875,945.9168090820312,5655.802734375,5611.1494140625,3448.73095703125,1671.65869140625,5657.75927734375,2835.51904296875,2820.460205078125,1562.44775390625,8326.5712890625,1444.5064697265625,2137.985107421875,3852.88623046875,
2020-10-05+4week,1146.6444091796875,591.358154296875,652.3696899414062,449.83447265625,1830.4794921875,1858.632568359375,1644.7427978515625,970.2042236328125,5442.27734375,5637.47509765625,3659.398681640625,1735.684814453125,5951.8447265625,2803.944580078125,2888.73828125,1821.7830810546875,8036.7001953125,1383.661865234375,2295.001708984375,3436.906494140625,
2020-10-06+1week,1522.1707763671875,572.1959838867188,751.658935546875,694.01416015625,1889.615234375,1877.1829833984375,2077.953125,983.4019775390625,6470.40576171875,5425.42431640625,3826.78515625,1879.9176025390625,6623.72900390625,2962.930908203125,2982.44873046875,1926.2747802734375,10184.279296875,2272.027587890625,3800.529296875,4627.6240234375,
2020-10-06+2week,1451.362548828125,606.6373291015625,746.2845458984375,515.65625,1853.0831298828125,1807.96337890625,2079.950927734375,1012.05322265625,6607.59326171875,5584.07568359375,3666.4638671875,1949.0513916015625,6486.67138671875,2957.005126953125,2918.188720703125,2099.952880859375,10293.4697265625,2328.8427734375,3435.08642578125,4123.978515625,
2020-10-06+4week,1487.5921630859375,636.2001342773438,809.3256225585938,443.5121765136719,1847.3494873046875,1842.677978515625,2022.573486328125,1036.9400634765625,6630.44189453125,5551.28369140625,3836.2705078125,1937.720703125,6867.62646484375,2916.1572265625,2983.545654296875,2276.3603515625,10193.7294921875,2323.09033203125,3677.136962890625,3633.67333984375,
2020-10-07+1week,1659.3966064453125,615.343505859375,779.3164672851562,705.784423828125,1961.65380859375,1856.2650146484375,2131.716064453125,1001.0598754882812,6900.77197265625,5317.82421875,3748.0380859375,1924.5714111328125,6611.06689453125,2967.64599609375,2997.25927734375,2099.4951171875,10785.822265625,2238.113037109375,3900.032470703125,4517.171875,
2020-10-07+2week,1556.4984130859375,641.4306030273438,767.4009399414062,503.8709716796875,1909.0667724609375,1793.308837890625,2123.67529296875,1027.4727783203125,6960.64990234375,5387.39453125,3589.48388671875,1987.461669921875,6493.40771484375,2962.2392578125,2928.906005859375,2251.268310546875,10947.7177734375,2272.879150390625,3564.622314453125,4040.14794921875,
2020-10-07+4week,1526.6265869140625,661.4152221679688,834.3933715820312,445.4908142089844,1893.3853759765625,1830.1070556640625,2049.312744140625,1051.45556640625,7005.416015625,5346.771484375,3760.4873046875,1962.6490478515625,6829.6611328125,2920.845947265625,2995.0576171875,2424.323486328125,10745.7587890625,2187.888427734375,3759.54931640625,3567.2822265625,
2020-10-08+1week,1727.3885498046875,651.8690185546875,810.2133178710938,714.23779296875,1996.52099609375,1857.10595703125,2131.849853515625,1010.0350341796875,7113.88623046875,5102.5322265625,3675.076904296875,1919.2149658203125,6495.412109375,2962.894775390625,3032.046875,2165.0546875,11016.6298828125,2104.67041015625,3865.002197265625,4427.9794921875,
2020-10-08+2week,1594.5694580078125,670.3140869140625,791.5036010742188,491.5947570800781,1935.683349609375,1794.038818359375,2122.572509765625,1036.1287841796875,7157.396484375,5088.0244140625,3519.852783203125,1975.0213623046875,6417.0087890625,2954.952392578125,2957.44775390625,2327.37744140625,11222.310546875,2113.88037109375,3583.2763671875,3986.53076171875,
2020-10-08+4week,1520.2628173828125,680.1549072265625,861.5963745117188,451.7900390625,1913.3221435546875,1833.0313720703125,2032.829345703125,1059.069580078125,7174.236328125,5055.89501953125,3685.6337890625,1948.9683837890625,6721.39404296875,2913.39453125,3025.9462890625,2516.103759765625,10877.208984375,1952.8287353515625,3737.647216796875,3534.49853515625,
2020-10-09+1week,1736.72265625,667.3849487304688,835.138671875,722.60693359375,2006.9351806640625,1865.1187744140625,2108.93212890625,1015.5140380859375,7139.6552734375,4881.0224609375,3574.7138671875,1900.022705078125,6521.0390625,2946.6591796875,3063.71484375,2203.367431640625,10933.6806640625,1951.6812744140625,3802.756591796875,4312.61767578125,
2020-10-09+2week,1582.51416015625,681.7376708984375,810.8172607421875,491.1639709472656,1944.5316162109375,1800.73779296875,2102.55078125,1041.8592529296875,7205.1748046875,4820.09228515625,3423.36181640625,1953.928955078125,6423.1767578125,2933.072021484375,2983.846435546875,2385.36474609375,11157.75390625,1940.971923828125,3568.115478515625,3913.332275390625,
2020-10-09+4week,1482.6041259765625,684.7182006835938,882.0040283203125,459.31890869140625,1922.7027587890625,1840.5811767578125,1999.7373046875,1064.2813720703125,7171.99951171875,4770.71728515625,3583.939453125,1931.1064453125,6716.6474609375,2893.042236328125,3057.205810546875,2597.2041015625,10699.55859375,1733.708740234375,3696.094482421875,3498.645751953125,
2020-10-10+1week,1719.4842529296875,673.5482177734375,864.5768432617188,728.7233276367188,1990.1773681640625,1864.95263671875,2068.352294921875,1016.53173828125,7100.85009765625,4658.22021484375,3511.36669921875,1857.3682861328125,6568.0234375,2927.8642578125,3098.7158203125,2194.691162109375,10815.515625,1822.3685302734375,3818.64990234375,4212.27294921875,
2020-10-10+2week,1553.4998779296875,685.5952758789062,834.1839599609375,495.6527099609375,1932.1036376953125,1801.3365478515625,2067.486572265625,1043.7003173828125,7189.2421875,4570.091796875,3362.2138671875,1909.4730224609375,6443.7041015625,2909.4765625,3012.539306640625,2396.199462890625,11034.095703125,1803.362060546875,3599.54931640625,3858.545654296875,
2020-10-10+4week,1438.0118408203125,683.98486328125,904.758544921875,462.8286437988281,1911.3389892578125,1840.5972900390625,1954.763427734375,1065.8072509765625,7118.4912109375,4491.13720703125,3506.1337890625,1898.2403564453125,6710.8974609375,2872.213623046875,3090.784912109375,2618.873046875,10533.4638671875,1580.379150390625,3716.688720703125,3475.8603515625,
2020-10-11+1week,1594.7315673828125,660.4782104492188,872.4741821289062,718.44580078125,1951.4683837890625,1857.1693115234375,2016.0015869140625,1011.6911010742188,7059.99658203125,4403.390625,3435.1142578125,1774.1961669921875,6419.26513671875,2912.141357421875,3129.869873046875,2179.03564453125,10761.658203125,1737.97705078125,3794.139892578125,3959.56787109375,
2020-10-11+2week,1432.2752685546875,673.6806030273438,839.7980346679688,506.1762390136719,1901.77294921875,1795.6419677734375,2022.2515869140625,1040.004150390625,7160.2099609375,4292.2734375,3289.552490234375,1826.113525390625,6326.576171875,2891.48388671875,3038.144775390625,2391.503662109375,10965.87109375,1722.89501953125,3593.345947265625,3649.6875,
2020-10-11+4week,1343.32666015625,671.6510009765625,906.98583984375,455.1513977050781,1883.3902587890625,1833.3277587890625,1903.7530517578125,1061.44384765625,7072.0703125,4194.18994140625,3425.15283203125,1837.881103515625,6537.4033203125,2856.5439453125,3120.473876953125,2615.259521484375,10465.923828125,1505.6153564453125,3701.4990234375,3337.200439453125,
2020-10-12+1week,1462.1923828125,644.9789428710938,873.9215698242188,712.95703125,1920.15771484375,1853.7603759765625,1967.4385986328125,1006.3912353515625,7021.69287109375,4158.95458984375,3369.204833984375,1731.0518798828125,6254.87890625,2899.69140625,3156.61181640625,2166.292724609375,10732.005859375,1681.9373779296875,3769.35595703125,3737.90625,
2020-10-12+2week,1319.499755859375,660.2620239257812,840.8418579101562,512.155029296875,1877.358642578125,1792.1878662109375,1979.9449462890625,1035.183837890625,7128.9892578125,4040.30419921875,3228.132080078125,1789.598388671875,6189.55712890625,2878.416748046875,3060.491943359375,2382.923828125,10923.9765625,1674.20947265625,3579.55615234375,3464.624755859375,
2020-10-12+4week,1268.4417724609375,659.494140625,904.7750854492188,448.01739501953125,1863.5511474609375,1828.367919921875,1859.312255859375,1055.9931640625,7033.1962890625,3919.58740234375,3358.192138671875,1816.8719482421875,6363.3486328125,2845.024169921875,3145.742919921875,2604.896240234375,10432.4208984375,1471.1009521484375,3682.92822265625,3180.411865234375,
2020-10-13+1week,1639.4332275390625,670.4637451171875,914.3728637695312,725.4286499023438,1970.616943359375,1870.6065673828125,2025.231201171875,1015.4743041992188,7289.60400390625,4056.6728515625,3382.154296875,1864.5294189453125,6386.86279296875,2904.9150390625,3215.07470703125,2187.95703125,10774.48046875,1734.0272216796875,4082.5625,3701.998291015625,
2020-10-13+2week,1489.424560546875,680.6234130859375,874.5623779296875,549.413818359375,1920.453125,1805.4708251953125,2029.7735595703125,1041.9351806640625,7328.5849609375,3974.336181640625,3243.673828125,1935.9434814453125,6273.09228515625,2888.748779296875,3109.254638671875,2404.35986328125,10954.9296875,1746.4840087890625,3824.0009765625,3467.44775390625,
2020-10-13+4week,1364.4078369140625,672.8700561523438,938.384033203125,449.60015869140625,1911.033447265625,1839.14892578125,1908.961669921875,1061.431884765625,7289.84130859375,3789.91357421875,3368.481689453125,1932.3818359375,6461.6474609375,2853.40234375,3195.093017578125,2629.447998046875,10483.2255859375,1571.0333251953125,3940.150390625,3170.66162109375,
2020-10-14+1week,1660.0670166015625,665.7496948242188,904.3530883789062,724.7929077148438,1946.7506103515625,1864.4022216796875,2031.2779541015625,1009.158935546875,7255.9912109375,3876.012939453125,3303.068603515625,1836.0372314453125,6046.0966796875,2894.776123046875,3205.159912109375,2107.169189453125,10559.4814453125,1675.2628173828125,3857.90283203125,3147.16015625,
2020-10-14+2week,1500.12841796875,675.9025268554688,865.57275390625,545.798583984375,1903.7952880859375,1799.6240234375,2033.28076171875,1037.033203125,7313.08984375,3784.61669921875,3170.182373046875,1905.1241455078125,6025.18994140625,2876.77978515625,3104.96435546875,2340.9931640625,10735.236328125,1681.3651123046875,3664.26806640625,2940.570068359375,
2020-10-14+4week,1351.5029296875,666.5067138671875,924.22314453125,445.4779357910156,1899.3935546875,1831.1043701171875,1909.5372314453125,1056.667724609375,7256.53759765625,3585.3623046875,3307.541259765625,1904.555908203125,6168.55810546875,2841.72119140625,3192.84912109375,2580.725830078125,10252.4111328125,1505.443603515625,3761.273681640625,2769.41259765625,
2020-10-15+1week,1670.48779296875,663.5330200195312,900.7922973632812,722.2784423828125,1953.8011474609375,1857.4774169921875,2033.4725341796875,1003.4265747070312,7188.8125,3716.63330078125,3316.400634765625,1893.7176513671875,5904.98291015625,2886.48388671875,3193.82275390625,2056.97265625,10463.21484375,1619.3868408203125,3763.032470703125,2783.194580078125,
2020-10-15+2week,1503.5360107421875,673.6826171875,863.1510009765625,547.8291015625,1911.0146484375,1792.307861328125,2032.7054443359375,1031.4793701171875,7270.71044921875,3630.029541015625,3183.849853515625,1970.262451171875,5901.79345703125,2867.531982421875,3098.781494140625,2298.087890625,10624.63671875,1621.10498046875,3589.44091796875,2590.749755859375,
2020-10-15+4week,1335.912841796875,663.0425415039062,918.9892578125,445.5071716308594,1908.0269775390625,1821.7366943359375,1901.9447021484375,1050.328857421875,7190.52197265625,3415.884521484375,3309.97607421875,1952.7113037109375,6056.759765625,2832.3388671875,3185.224853515625,2542.349609375,10174.212890625,1448.5908203125,3683.712158203125,2406.584228515625,
2020-10-16+1week,1671.075927734375,660.00732421875,890.5511474609375,722.096923828125,1982.989013671875,1858.2264404296875,2024.731201171875,998.8016967773438,7089.87841796875,3606.69287109375,3363.54296875,1864.728515625,5843.35791015625,2873.261962890625,3191.520751953125,2024.0797119140625,10372.1904296875,1539.959716796875,3614.4228515625,2458.4453125,
2020-10-16+2week,1500.16064453125,670.5551147460938,855.19482421875,541.2421264648438,1931.7744140625,1790.215087890625,2022.88427734375,1026.5738525390625,7198.822265625,3540.545654296875,3225.6982421875,1934.860107421875,5842.70654296875,2851.424072265625,3099.0439453125,2268.906982421875,10525.1630859375,1536.0433349609375,3468.997802734375,2272.427001953125,
2020-10-16+4week,1319.5760498046875,659.4556274414062,908.1834716796875,448.1446228027344,1915.3050537109375,1818.1953125,1884.1600341796875,1044.8154296875,7094.4736328125,3305.570068359375,3331.0615234375,1919.83251953125,6018.53515625,2817.298583984375,3182.574462890625,2518.812255859375,10097.685546875,1363.1187744140625,3563.576171875,2058.0791015625,
2020-10-17+1week,1572.092529296875,646.6205444335938,864.0231323242188,719.9497680664062,1954.9007568359375,1849.8349609375,1978.551025390625,990.4886474609375,6930.00439453125,3511.836181640625,3305.860107421875,1815.2254638671875,5780.732421875,2854.45751953125,3161.30078125,1965.6612548828125,10126.8388671875,1441.069091796875,3367.171142578125,2042.3353271484375,
2020-10-17+2week,1407.2823486328125,659.4217529296875,833.7161254882812,515.4806518554688,1909.053466796875,1779.929931640625,1981.53466796875,1018.8081665039062,7073.47705078125,3451.7431640625,3166.2177734375,1879.73486328125,5787.576171875,2828.12255859375,3076.5693359375,2226.42626953125,10275.6435546875,1431.7100830078125,3266.97119140625,1857.2535400390625,
2020-10-17+4week,1252.38623046875,650.3060913085938,882.6354370117188,451.3158264160156,1898.897216796875,1807.54150390625,1837.331787109375,1036.9715576171875,6941.9326171875,3205.020751953125,3266.7353515625,1876.3917236328125,5968.15673828125,2796.45068359375,3158.029296875,2501.510986328125,9850.03515625,1258.4412841796875,3361.46337890625,1637.5101318359375,
2020-10-18+1week,1471.831787109375,636.1585083007812,834.10498046875,726.3530883789062,1935.76025390625,1851.397705078125,1921.4139404296875,984.048828125,6824.55078125,3482.898193359375,3355.5703125,1749.5557861328125,5841.7041015625,2842.008056640625,3157.871337890625,1950.4263916015625,9961.265625,1390.1146240234375,3245.67919921875,1786.81591796875,
2020-10-18+2week,1324.41796875,650.8067626953125,810.0643310546875,512.9202880859375,1896.0419921875,1777.33642578125,1931.2174072265625,1011.945556640625,6976.49072265625,3445.041259765625,3212.62158203125,1809.840087890625,5822.609375,2814.37060546875,3073.939697265625,2208.892822265625,10096.060546875,1385.5701904296875,3151.66162109375,1599.9774169921875,
2020-10-18+4week,1201.734375,643.9158325195312,856.9691772460938,461.1773986816406,1895.660888671875,1805.2030029296875,1784.80322265625,1029.4893798828125,6846.0234375,3171.987548828125,3291.147216796875,1825.67724609375,6014.2529296875,2783.95166015625,3151.425048828125,2474.76220703125,9706.6865234375,1226.5054931640625,3259.3037109375,1320.3408203125,
2020-10-19+1week,1393.74365234375,628.789306640625,809.7890625,730.2162475585938,1922.8662109375,1854.0555419921875,1869.32666015625,979.0648803710938,6752.84228515625,3479.412109375,3420.092529296875,1715.1644287109375,5911.056640625,2833.234375,3164.131103515625,1957.560302734375,9841.2568359375,1363.849853515625,3168.885986328125,1642.54443359375,
2020-10-19+2week,1267.23828125,644.6892700195312,791.2372436523438,513.2445678710938,1888.8914794921875,1776.7421875,1885.1309814453125,1006.1956176757812,6904.9013671875,3457.569091796875,3270.931884765625,1777.1854248046875,5874.41552734375,2805.40478515625,3078.870849609375,2206.028564453125,9963.8310546875,1365.953369140625,3070.49658203125,1457.661376953125,
2020-10-19+4week,1173.9573974609375,639.5369262695312,838.4170532226562,465.5427551269531,1895.9666748046875,1804.81689453125,1739.4796142578125,1023.08154296875,6783.7578125,3163.4853515625,3329.015625,1806.093017578125,6068.662109375,2775.886474609375,3153.567138671875,2457.797607421875,9613.173828125,1222.4061279296875,3193.05078125,1119.33349609375,
2020-10-20+1week,1536.5430908203125,666.351806640625,829.2229614257812,715.5588989257812,1953.6033935546875,1892.0609130859375,1924.817626953125,994.9230346679688,6856.58154296875,3552.537109375,3449.8251953125,1850.861083984375,6033.75634765625,2832.806640625,3153.599609375,1974.861083984375,9904.7724609375,1448.08251953125,3315.312744140625,1710.6099853515625,
2020-10-20+2week,1406.4583740234375,675.3656005859375,808.1244506835938,534.6174926757812,1912.6656494140625,1805.7554931640625,1932.701416015625,1016.7847290039062,6969.029296875,3569.6435546875,3296.609619140625,1921.9686279296875,5971.94091796875,2807.054443359375,3070.502685546875,2218.150146484375,10017.6669921875,1470.0576171875,3165.970947265625,1539.3798828125,
2020-10-20+4week,1262.265625,661.9231567382812,859.129638671875,455.62176513671875,1911.378662109375,1834.31494140625,1790.752197265625,1029.819580078125,6889.24853515625,3245.8173828125,3345.912841796875,1918.91357421875,6172.7060546875,2777.239501953125,3142.943603515625,2469.599609375,9713.283203125,1351.3377685546875,3314.240478515625,1142.6556396484375,
2020-10-21+1week,1610.8507080078125,675.1198120117188,843.777099609375,718.2852783203125,1971.436279296875,1905.30419921875,1958.1878662109375,1004.7450561523438,6808.501953125,3588.309326171875,3452.040283203125,1879.3299560546875,6049.666015625,2827.2109375,3162.19677734375,1973.1104736328125,9918.927734375,1446.7672119140625,3238.6806640625,1613.4017333984375,
2020-10-21+2week,1470.816162109375,681.8557739257812,820.0576171875,543.1884155273438,1924.1116943359375,1817.7523193359375,1960.590576171875,1023.5853271484375,6923.439453125,3613.5146484375,3297.144287109375,1947.5413818359375,5992.63818359375,2800.756591796875,3077.5830078125,2209.217041015625,10028.3505859375,1465.3533935546875,3101.986572265625,1466.508056640625,
2020-10-21+4week,1296.638427734375,664.5411376953125,873.6251831054688,452.8387451171875,1911.727294921875,1845.3636474609375,1820.237548828125,1033.4779052734375,6850.0185546875,3287.06396484375,3344.589599609375,1934.7315673828125,6179.75341796875,2771.425048828125,3147.60302734375,2447.235595703125,9749.55859375,1347.168701171875,3255.164794921875,1098.416748046875,
2020-10-22+1week,1654.4036865234375,678.7601318359375,850.5604858398438,719.66357421875,1960.56103515625,1910.3343505859375,1952.14111328125,1008.5357055664062,6732.27197265625,3629.306396484375,3466.30126953125,1881.054931640625,6060.708984375,2822.727294921875,3162.8310546875,1935.9063720703125,9913.83984375,1451.109375,3213.6494140625,1474.4542236328125,
2020-10-22+2week,1501.6519775390625,684.3672485351562,825.008544921875,545.2318115234375,1913.4659423828125,1823.484619140625,1953.947265625,1025.8704833984375,6858.72021484375,3658.212646484375,3310.3544921875,1945.1563720703125,6003.30859375,2795.9462890625,3078.894287109375,2173.51171875,10023.1640625,1466.9825439453125,3076.4755859375,1356.21044921875,
2020-10-22+4week,1305.3717041015625,664.5201416015625,879.2227783203125,451.1148376464844,1900.6875,1850.1014404296875,1811.7794189453125,1032.9013671875,6784.97412109375,3331.081787109375,3354.103515625,1929.3392333984375,6179.771484375,2765.0947265625,3147.674072265625,2411.155517578125,9760.1162109375,1350.8494873046875,3236.992919921875,1025.653564453125,
2020-10-23+1week,1687.8470458984375,679.3814086914062,837.358154296875,723.5934448242188,1965.175048828125,1912.659912109375,1958.962890625,1014.324951171875,6654.99560546875,3688.78515625,3504.92626953125,1931.200927734375,5987.68603515625,2819.934814453125,3163.425537109375,1894.1199951171875,9930.3837890625,1446.943359375,3137.2958984375,1398.8218994140625,
2020-10-23+2week,1523.47216796875,684.6474609375,813.48046875,521.721435546875,1914.3828125,1826.6796875,1958.52587890625,1029.789306640625,6794.9267578125,3723.27197265625,3345.59716796875,1997.5906982421875,5953.0283203125,2792.963134765625,3080.1845703125,2132.7724609375,10042.625,1458.9844970703125,3013.848876953125,1310.34521484375,
2020-10-23+4week,1307.5750732421875,663.420654296875,866.807861328125,453.1244201660156,1895.2139892578125,1852.5164794921875,1812.0335693359375,1034.0543212890625,6718.52685546875,3388.780029296875,3378.6923828125,1967.2601318359375,6116.9287109375,2761.1455078125,3147.88818359375,2368.764892578125,9788.623046875,1342.3359375,3175.33740234375,992.881103515625,
2020-10-24+1week,1700.1480712890625,682.7041625976562,848.8558959960938,719.8694458007812,1969.8427734375,1921.258056640625,1939.3134765625,1015.240966796875,6637.1005859375,3762.12353515625,3534.54345703125,1899.6260986328125,5940.42529296875,2822.7041015625,3161.134033203125,1880.5101318359375,10000.931640625,1449.288330078125,3147.621826171875,1334.004150390625,
2020-10-24+2week,1526.6019287109375,687.2948608398438,823.3076782226562,534.2158203125,1916.5682373046875,1834.22802734375,1940.4949951171875,1030.314697265625,6778.34521484375,3803.291748046875,3371.772705078125,1958.0706787109375,5915.02978515625,2797.108642578125,3079.043701171875,2118.2958984375,10118.740234375,1460.3643798828125,3014.95849609375,1276.55029296875,
2020-10-24+4week,1298.3031005859375,664.6018676757812,879.3602905273438,455.7594909667969,1896.96630859375,1859.798828125,1789.7786865234375,1033.1009521484375,6706.16796875,3456.8212890625,3397.876953125,1933.0213623046875,6079.3642578125,2764.4697265625,3145.918212890625,2358.0654296875,9866.654296875,1343.61181640625,3181.147705078125,977.5424194335938,
2020-10-25+1week,1606.03173828125,675.8229370117188,840.6094360351562,718.4471435546875,1949.911376953125,1925.4410400390625,1875.9698486328125,1008.9710693359375,6674.67919921875,3820.314453125,3542.1435546875,1798.575439453125,5709.9775390625,2828.2578125,3162.95703125,1872.7481689453125,10130.97265625,1447.9923095703125,3091.133056640625,1236.656982421875,
2020-10-25+2week,1434.8492431640625,681.3534545898438,815.9775390625,543.5428466796875,1898.7432861328125,1838.1883544921875,1885.33056640625,1024.9586181640625,6807.27099609375,3856.3125,3377.311279296875,1851.9248046875,5739.80859375,2804.2861328125,3080.9638671875,2106.996826171875,10257.0263671875,1457.50537109375,2968.321044921875,1209.5743408203125,
2020-10-25+4week,1234.2222900390625,659.23828125,871.157470703125,454.72210693359375,1875.9027099609375,1863.6719970703125,1732.854248046875,1026.9249267578125,6742.73681640625,3503.617431640625,3400.759521484375,1850.6212158203125,5875.40283203125,2771.167724609375,3146.796875,2342.6025390625,9997.306640625,1339.204833984375,3131.5224609375,940.0519409179688,
2020-10-26+1week,1500.8388671875,667.6849365234375,829.7844848632812,719.3118286132812,1932.076904296875,1925.8330078125,1808.4462890625,1001.6036987304688,6730.548828125,3858.727294921875,3541.906982421875,1751.0069580078125,5487.68505859375,2834.571533203125,3166.419189453125,1870.4232177734375,10263.984375,1445.9598388671875,3034.3125,1162.0101318359375,
2020-10-26+2week,1345.18408203125,674.4899291992188,807.0243530273438,548.2635498046875,1882.7564697265625,1838.9915771484375,1826.62939453125,1018.3246459960938,6852.080078125,3885.753662109375,3376.285888671875,1808.1610107421875,5558.12646484375,2811.872802734375,3084.104248046875,2100.1376953125,10400.380859375,1455.6671142578125,2919.791748046875,1164.40576171875,
2020-10-26+4week,1181.6453857421875,653.6787719726562,861.3831787109375,453.5899353027344,1859.5205078125,1864.50048828125,1675.6956787109375,1019.8653564453125,6793.9931640625,3530.569091796875,3398.43798828125,1822.599853515625,5680.8701171875,2778.409912109375,3149.407470703125,2330.8623046875,10119.880859375,1333.8294677734375,3080.527587890625,915.0548095703125,
2020-10-27+1week,1585.904052734375,704.3887939453125,853.43115234375,717.6197509765625,1939.9010009765625,1941.3306884765625,1836.0987548828125,1015.75341796875,6954.54248046875,4012.334716796875,3514.96044921875,1946.1292724609375,5706.5712890625,2850.039306640625,3204.12744140625,1950.78076171875,10373.1025390625,1535.5025634765625,3264.72607421875,1173.247802734375,
2020-10-27+2week,1431.656005859375,704.70361328125,826.7884521484375,542.7135620117188,1892.2847900390625,1853.07470703125,1851.2132568359375,1029.3563232421875,7028.17529296875,4090.29052734375,3355.465576171875,2016.312744140625,5724.7509765625,2831.182861328125,3115.033447265625,2175.5263671875,10516.33203125,1560.8062744140625,3093.259521484375,1204.857177734375,
2020-10-27+4week,1240.3592529296875,675.664794921875,883.28857421875,452.4851379394531,1880.8253173828125,1877.5606689453125,1707.94189453125,1029.1219482421875,7003.04296875,3699.54345703125,3399.8154296875,1985.0693359375,5938.79150390625,2797.427734375,3179.492919921875,2417.045166015625,10217.822265625,1446.522705078125,3267.955810546875,960.7523803710938,
2020-10-28+1week,1604.0587158203125,716.7474365234375,857.4263916015625,716.693115234375,1958.55517578125,1948.5020751953125,1855.656494140625,1014.8314819335938,6937.4130859375,4088.931396484375,3515.20458984375,1930.8887939453125,5736.046875,2855.315185546875,3213.38134765625,1972.782470703125,10390.5146484375,1516.8878173828125,3177.429443359375,1133.790771484375,
2020-10-28+2week,1449.045166015625,714.364013671875,829.8453979492188,544.9293212890625,1909.041259765625,1859.8504638671875,1867.4365234375,1028.7149658203125,7024.63916015625,4166.30712890625,3358.372314453125,1994.3218994140625,5755.41748046875,2836.025146484375,3124.099365234375,2201.436279296875,10541.212890625,1534.012939453125,3034.115234375,1195.0784912109375,
2020-10-28+4week,1252.258544921875,680.8377685546875,887.3162231445312,453.0543518066406,1898.12646484375,1883.8843994140625,1728.366943359375,1027.6722412109375,6983.17578125,3776.197998046875,3412.452392578125,1961.9713134765625,5989.98974609375,2803.5498046875,3189.117919921875,2449.173095703125,10214.9501953125,1405.09228515625,3200.418701171875,979.2063598632812,
2020-10-29+1week,1633.823974609375,723.5166625976562,851.4234008789062,723.02490234375,1982.566650390625,1951.64892578125,1878.0107421875,1009.9478759765625,6848.15673828125,4158.64453125,3511.3330078125,1901.7100830078125,5778.08203125,2857.5693359375,3213.595947265625,1970.505126953125,10321.6923828125,1491.4774169921875,3142.478759765625,1053.351318359375,
2020-10-29+2week,1474.3487548828125,719.39306640625,824.5247802734375,520.4099731445312,1927.9193115234375,1863.160888671875,1885.696044921875,1024.593505859375,6961.00146484375,4234.51416015625,3355.365234375,1960.8458251953125,5792.0703125,2837.3095703125,3126.186279296875,2209.071044921875,10476.0048828125,1502.69775390625,3008.718505859375,1142.1961669921875,
2020-10-29+4week,1265.26513671875,682.5270385742188,881.7181396484375,457.1623229980469,1910.10400390625,1886.7578125,1747.60693359375,1023.0134887695312,6897.99560546875,3844.98583984375,3415.528564453125,1934.7884521484375,6034.8251953125,2806.3876953125,3191.34228515625,2467.681396484375,10126.9775390625,1364.8546142578125,3174.30712890625,962.4061279296875,
2020-10-30+1week,1651.7099609375,724.9857177734375,844.074951171875,719.7962646484375,2010.3223876953125,1952.4158935546875,1895.2115478515625,1004.5463256835938,6732.8193359375,4194.2177734375,3541.640380859375,1888.6004638671875,5758.09033203125,2853.831787109375,3202.462646484375,1964.5670166015625,10216.3076171875,1459.76123046875,3081.919921875,992.8618774414062,
2020-10-30+2week,1486.4493408203125,720.1560668945312,818.4277954101562,509.982177734375,1951.5179443359375,1864.11572265625,1899.143798828125,1019.4848022460938,6872.55615234375,4260.27587890625,3383.959228515625,1947.9666748046875,5782.1796875,2831.24169921875,3119.001708984375,2205.154052734375,10368.34765625,1466.390625,2962.00439453125,1105.72216796875,
2020-10-30+4week,1267.3919677734375,681.2747192382812,875.2194213867188,460.071533203125,1936.592529296875,1887.485595703125,1758.0079345703125,1017.1473388671875,6790.57275390625,3881.13818359375,3440.651123046875,1925.837646484375,6016.716796875,2801.6826171875,3184.00439453125,2456.51220703125,10012.4951171875,1324.0838623046875,3126.840576171875,946.8165893554688,
2020-10-31+1week,1611.72607421875,713.910888671875,823.0667114257812,716.3696899414062,1982.8763427734375,1946.5150146484375,1860.8236083984375,995.6093139648438,6629.8076171875,4202.08349609375,3470.58984375,1864.6832275390625,5786.47412109375,2848.806884765625,3187.376708984375,1945.407470703125,10015.9677734375,1427.900146484375,3062.756103515625,944.0137329101562,
2020-10-31+2week,1445.3900146484375,710.7096557617188,801.1651611328125,509.1883239746094,1933.134521484375,1859.0826416015625,1868.6898193359375,1011.4468994140625,6789.529296875,4256.5625,3315.839599609375,1924.048095703125,5803.0146484375,2824.513916015625,3107.892578125,2188.886474609375,10162.3935546875,1431.9608154296875,2943.572509765625,1078.0782470703125,
2020-10-31+4week,1235.825439453125,672.813232421875,857.3370361328125,460.5081481933594,1927.5916748046875,1882.7020263671875,1724.571533203125,1009.0726928710938,6695.7939453125,3892.00048828125,3388.255859375,1908.489501953125,6039.69482421875,2795.316162109375,3172.139404296875,2439.527587890625,9806.484375,1288.805419921875,3110.8037109375,936.4541015625,
2020-11-01+1week,1550.9605712890625,706.241455078125,802.479248046875,717.091064453125,1959.44189453125,1939.3218994140625,1805.801025390625,986.3203735351562,6573.048828125,4202.86376953125,3461.767822265625,1775.9564208984375,5692.80810546875,2844.547607421875,3184.54638671875,1976.1817626953125,9938.1552734375,1403.847412109375,3033.70263671875,901.5858764648438,
2020-11-01+2week,1392.0887451171875,704.4273681640625,784.7135009765625,529.4139404296875,1915.4320068359375,1853.0330810546875,1820.7325439453125,1003.0880126953125,6738.1962890625,4248.416015625,3309.885498046875,1833.754150390625,5731.7001953125,2818.9306640625,3105.75390625,2204.224609375,10071.7666015625,1408.282470703125,2917.545654296875,1054.525634765625,
2020-11-01+4week,1202.9149169921875,667.84912109375,841.8313598632812,459.855224609375,1908.1552734375,1876.7882080078125,1674.9822998046875,1001.414306640625,6645.05810546875,3893.350830078125,3384.830078125,1839.826171875,5942.14501953125,2795.779296875,3168.51318359375,2430.364013671875,9749.4208984375,1266.93505859375,3084.85302734375,924.807861328125,
2020-11-02+1week,1497.947998046875,701.1957397460938,786.0477905273438,721.3381958007812,1946.1064453125,1933.5989990234375,1752.3065185546875,977.7117309570312,6542.0673828125,4199.123046875,3471.775146484375,1729.5977783203125,5586.87158203125,2845.47607421875,3186.720458984375,2021.4959716796875,9908.0,1386.6751708984375,3008.033447265625,878.153564453125,
2020-11-02+2week,1350.885009765625,700.3958740234375,771.7176513671875,542.0515747070312,1904.039306640625,1848.0255126953125,1773.9107666015625,995.1959228515625,6706.3212890625,4238.6591796875,3320.451416015625,1790.942138671875,5644.23388671875,2821.362548828125,3107.33837890625,2230.47216796875,10033.7236328125,1393.2757568359375,2893.51513671875,1049.4312744140625,
2020-11-02+4week,1182.5184326171875,664.9520874023438,830.7559814453125,456.9859313964844,1895.324462890625,1872.0264892578125,1629.05908203125,994.4716796875,6618.02783203125,3888.8974609375,3395.24560546875,1812.321533203125,5837.01220703125,2802.18896484375,3169.4248046875,2434.19140625,9738.9423828125,1254.0948486328125,3060.6748046875,928.233154296875,
2020-11-03+1week,1550.678955078125,699.9481201171875,836.5899658203125,717.1098022460938,1969.5218505859375,1946.357666015625,1770.0953369140625,988.2493896484375,6740.20263671875,4421.54541015625,3576.920166015625,1938.350341796875,5945.00341796875,2855.767333984375,3197.275390625,2151.51416015625,10020.314453125,1469.3895263671875,3284.347900390625,887.4596557617188,
2020-11-03+2week,1404.879638671875,699.8423461914062,813.593994140625,534.19384765625,1919.92138671875,1857.7301025390625,1788.9091796875,1003.5025024414062,6852.1728515625,4547.6279296875,3420.859375,2013.0977783203125,5908.515625,2836.757080078125,3115.72802734375,2343.27294921875,10143.3916015625,1492.81787109375,3103.968017578125,1076.36572265625,
2020-11-03+4week,1219.185546875,665.0745239257812,877.6865234375,451.4866027832031,1903.6259765625,1882.3809814453125,1648.16455078125,1003.0127563476562,6807.26025390625,4131.435546875,3486.129638671875,1983.806396484375,6157.9345703125,2810.82470703125,3177.3203125,2546.921142578125,9871.73828125,1367.81787109375,3283.85595703125,961.049072265625,
2020-11-04+1week,1626.9403076171875,711.8858642578125,842.2748413085938,718.2828369140625,2017.2044677734375,1953.3927001953125,1767.7896728515625,1002.397705078125,6749.5869140625,4564.599609375,3622.885986328125,1948.458740234375,5865.9658203125,2859.026611328125,3206.440185546875,2202.94580078125,10133.369140625,1454.6268310546875,3250.022705078125,869.9127197265625,
2020-11-04+2week,1475.6807861328125,710.0410766601562,817.207763671875,541.050537109375,1954.3499755859375,1863.9073486328125,1785.7423095703125,1015.4013061523438,6865.24853515625,4710.7880859375,3462.83740234375,2014.5909423828125,5867.041015625,2841.03125,3123.4560546875,2382.539794921875,10260.8310546875,1472.54052734375,3088.4619140625,1076.5283203125,
2020-11-04+4week,1263.760009765625,673.3724975585938,880.82763671875,451.6369323730469,1926.642578125,1888.4857177734375,1647.2161865234375,1014.6703491210938,6813.73876953125,4274.50244140625,3527.709716796875,1978.196044921875,6093.0146484375,2813.198974609375,3185.143310546875,2564.99072265625,9990.755859375,1338.617919921875,3256.726318359375,979.8357543945312,
2020-11-05+1week,1677.871337890625,733.2118530273438,845.8760986328125,1251.2276611328125,2035.905517578125,1962.591064453125,1770.4757080078125,1008.368896484375,6714.87109375,4683.08349609375,3645.0390625,1961.833984375,5886.255859375,2857.373779296875,3214.354736328125,2152.17529296875,10155.3134765625,1424.0460205078125,3190.433349609375,839.1658935546875,
2020-11-05+2week,1514.6458740234375,727.6707763671875,819.6784057617188,900.8037719726562,1965.5828857421875,1872.0823974609375,1787.033447265625,1021.443603515625,6844.48193359375,4832.111328125,3482.31005859375,2023.517333984375,5884.72705078125,2838.450927734375,3130.4150390625,2334.767578125,10290.771484375,1437.689208984375,3048.98193359375,1062.114501953125,
2020-11-05+4week,1280.8106689453125,686.3506469726562,883.24951171875,722.0220947265625,1929.194091796875,1896.4068603515625,1649.9019775390625,1020.7172241210938,6777.90283203125,4390.697265625,3548.6123046875,1981.6419677734375,6119.318359375,2809.33349609375,3192.50537109375,2506.27099609375,10000.228515625,1294.98388671875,3209.873291015625,984.7275390625,
2021-09-28+1week,0.0,0.0,0.0,0.0,0.0,0.0,0.0,0.0,0.0,0.0,0.0,0.0,0.0,0.0,0.0,0.0,0.0,0.0,0.0,0.0,0.0
2021-09-28+2week,0.0,0.0,0.0,0.0,0.0,0.0,0.0,0.0,0.0,0.0,0.0,0.0,0.0,0.0,0.0,0.0,0.0,0.0,0.0,0.0,0.0
2021-09-28+4week,0.0,0.0,0.0,0.0,0.0,0.0,0.0,0.0,0.0,0.0,0.0,0.0,0.0,0.0,0.0,0.0,0.0,0.0,0.0,0.0,0.0
2021-09-29+1week,0.0,0.0,0.0,0.0,0.0,0.0,0.0,0.0,0.0,0.0,0.0,0.0,0.0,0.0,0.0,0.0,0.0,0.0,0.0,0.0,0.0
2021-09-29+2week,0.0,0.0,0.0,0.0,0.0,0.0,0.0,0.0,0.0,0.0,0.0,0.0,0.0,0.0,0.0,0.0,0.0,0.0,0.0,0.0,0.0
2021-09-29+4week,0.0,0.0,0.0,0.0,0.0,0.0,0.0,0.0,0.0,0.0,0.0,0.0,0.0,0.0,0.0,0.0,0.0,0.0,0.0,0.0,0.0
2021-09-30+1week,0.0,0.0,0.0,0.0,0.0,0.0,0.0,0.0,0.0,0.0,0.0,0.0,0.0,0.0,0.0,0.0,0.0,0.0,0.0,0.0,0.0
2021-09-30+2week,0.0,0.0,0.0,0.0,0.0,0.0,0.0,0.0,0.0,0.0,0.0,0.0,0.0,0.0,0.0,0.0,0.0,0.0,0.0,0.0,0.0
2021-09-30+4week,0.0,0.0,0.0,0.0,0.0,0.0,0.0,0.0,0.0,0.0,0.0,0.0,0.0,0.0,0.0,0.0,0.0,0.0,0.0,0.0,0.0
2021-10-01+1week,0.0,0.0,0.0,0.0,0.0,0.0,0.0,0.0,0.0,0.0,0.0,0.0,0.0,0.0,0.0,0.0,0.0,0.0,0.0,0.0,0.0
2021-10-01+2week,0.0,0.0,0.0,0.0,0.0,0.0,0.0,0.0,0.0,0.0,0.0,0.0,0.0,0.0,0.0,0.0,0.0,0.0,0.0,0.0,0.0
2021-10-01+4week,0.0,0.0,0.0,0.0,0.0,0.0,0.0,0.0,0.0,0.0,0.0,0.0,0.0,0.0,0.0,0.0,0.0,0.0,0.0,0.0,0.0
2021-10-02+1week,0.0,0.0,0.0,0.0,0.0,0.0,0.0,0.0,0.0,0.0,0.0,0.0,0.0,0.0,0.0,0.0,0.0,0.0,0.0,0.0,0.0
2021-10-02+2week,0.0,0.0,0.0,0.0,0.0,0.0,0.0,0.0,0.0,0.0,0.0,0.0,0.0,0.0,0.0,0.0,0.0,0.0,0.0,0.0,0.0
2021-10-02+4week,0.0,0.0,0.0,0.0,0.0,0.0,0.0,0.0,0.0,0.0,0.0,0.0,0.0,0.0,0.0,0.0,0.0,0.0,0.0,0.0,0.0
2021-10-03+1week,0.0,0.0,0.0,0.0,0.0,0.0,0.0,0.0,0.0,0.0,0.0,0.0,0.0,0.0,0.0,0.0,0.0,0.0,0.0,0.0,0.0
2021-10-03+2week,0.0,0.0,0.0,0.0,0.0,0.0,0.0,0.0,0.0,0.0,0.0,0.0,0.0,0.0,0.0,0.0,0.0,0.0,0.0,0.0,0.0
2021-10-03+4week,0.0,0.0,0.0,0.0,0.0,0.0,0.0,0.0,0.0,0.0,0.0,0.0,0.0,0.0,0.0,0.0,0.0,0.0,0.0,0.0,0.0
2021-10-04+1week,0.0,0.0,0.0,0.0,0.0,0.0,0.0,0.0,0.0,0.0,0.0,0.0,0.0,0.0,0.0,0.0,0.0,0.0,0.0,0.0,0.0
2021-10-04+2week,0.0,0.0,0.0,0.0,0.0,0.0,0.0,0.0,0.0,0.0,0.0,0.0,0.0,0.0,0.0,0.0,0.0,0.0,0.0,0.0,0.0
2021-10-04+4week,0.0,0.0,0.0,0.0,0.0,0.0,0.0,0.0,0.0,0.0,0.0,0.0,0.0,0.0,0.0,0.0,0.0,0.0,0.0,0.0,0.0
2021-10-05+1week,0.0,0.0,0.0,0.0,0.0,0.0,0.0,0.0,0.0,0.0,0.0,0.0,0.0,0.0,0.0,0.0,0.0,0.0,0.0,0.0,0.0
2021-10-05+2week,0.0,0.0,0.0,0.0,0.0,0.0,0.0,0.0,0.0,0.0,0.0,0.0,0.0,0.0,0.0,0.0,0.0,0.0,0.0,0.0,0.0
2021-10-05+4week,0.0,0.0,0.0,0.0,0.0,0.0,0.0,0.0,0.0,0.0,0.0,0.0,0.0,0.0,0.0,0.0,0.0,0.0,0.0,0.0,0.0
2021-10-06+1week,0.0,0.0,0.0,0.0,0.0,0.0,0.0,0.0,0.0,0.0,0.0,0.0,0.0,0.0,0.0,0.0,0.0,0.0,0.0,0.0,0.0
2021-10-06+2week,0.0,0.0,0.0,0.0,0.0,0.0,0.0,0.0,0.0,0.0,0.0,0.0,0.0,0.0,0.0,0.0,0.0,0.0,0.0,0.0,0.0
2021-10-06+4week,0.0,0.0,0.0,0.0,0.0,0.0,0.0,0.0,0.0,0.0,0.0,0.0,0.0,0.0,0.0,0.0,0.0,0.0,0.0,0.0,0.0
2021-10-07+1week,0.0,0.0,0.0,0.0,0.0,0.0,0.0,0.0,0.0,0.0,0.0,0.0,0.0,0.0,0.0,0.0,0.0,0.0,0.0,0.0,0.0
2021-10-07+2week,0.0,0.0,0.0,0.0,0.0,0.0,0.0,0.0,0.0,0.0,0.0,0.0,0.0,0.0,0.0,0.0,0.0,0.0,0.0,0.0,0.0
2021-10-07+4week,0.0,0.0,0.0,0.0,0.0,0.0,0.0,0.0,0.0,0.0,0.0,0.0,0.0,0.0,0.0,0.0,0.0,0.0,0.0,0.0,0.0
2021-10-08+1week,0.0,0.0,0.0,0.0,0.0,0.0,0.0,0.0,0.0,0.0,0.0,0.0,0.0,0.0,0.0,0.0,0.0,0.0,0.0,0.0,0.0
2021-10-08+2week,0.0,0.0,0.0,0.0,0.0,0.0,0.0,0.0,0.0,0.0,0.0,0.0,0.0,0.0,0.0,0.0,0.0,0.0,0.0,0.0,0.0
2021-10-08+4week,0.0,0.0,0.0,0.0,0.0,0.0,0.0,0.0,0.0,0.0,0.0,0.0,0.0,0.0,0.0,0.0,0.0,0.0,0.0,0.0,0.0
2021-10-09+1week,0.0,0.0,0.0,0.0,0.0,0.0,0.0,0.0,0.0,0.0,0.0,0.0,0.0,0.0,0.0,0.0,0.0,0.0,0.0,0.0,0.0
2021-10-09+2week,0.0,0.0,0.0,0.0,0.0,0.0,0.0,0.0,0.0,0.0,0.0,0.0,0.0,0.0,0.0,0.0,0.0,0.0,0.0,0.0,0.0
2021-10-09+4week,0.0,0.0,0.0,0.0,0.0,0.0,0.0,0.0,0.0,0.0,0.0,0.0,0.0,0.0,0.0,0.0,0.0,0.0,0.0,0.0,0.0
2021-10-10+1week,0.0,0.0,0.0,0.0,0.0,0.0,0.0,0.0,0.0,0.0,0.0,0.0,0.0,0.0,0.0,0.0,0.0,0.0,0.0,0.0,0.0
2021-10-10+2week,0.0,0.0,0.0,0.0,0.0,0.0,0.0,0.0,0.0,0.0,0.0,0.0,0.0,0.0,0.0,0.0,0.0,0.0,0.0,0.0,0.0
2021-10-10+4week,0.0,0.0,0.0,0.0,0.0,0.0,0.0,0.0,0.0,0.0,0.0,0.0,0.0,0.0,0.0,0.0,0.0,0.0,0.0,0.0,0.0
2021-10-11+1week,0.0,0.0,0.0,0.0,0.0,0.0,0.0,0.0,0.0,0.0,0.0,0.0,0.0,0.0,0.0,0.0,0.0,0.0,0.0,0.0,0.0
2021-10-11+2week,0.0,0.0,0.0,0.0,0.0,0.0,0.0,0.0,0.0,0.0,0.0,0.0,0.0,0.0,0.0,0.0,0.0,0.0,0.0,0.0,0.0
2021-10-11+4week,0.0,0.0,0.0,0.0,0.0,0.0,0.0,0.0,0.0,0.0,0.0,0.0,0.0,0.0,0.0,0.0,0.0,0.0,0.0,0.0,0.0
2021-10-12+1week,0.0,0.0,0.0,0.0,0.0,0.0,0.0,0.0,0.0,0.0,0.0,0.0,0.0,0.0,0.0,0.0,0.0,0.0,0.0,0.0,0.0
2021-10-12+2week,0.0,0.0,0.0,0.0,0.0,0.0,0.0,0.0,0.0,0.0,0.0,0.0,0.0,0.0,0.0,0.0,0.0,0.0,0.0,0.0,0.0
2021-10-12+4week,0.0,0.0,0.0,0.0,0.0,0.0,0.0,0.0,0.0,0.0,0.0,0.0,0.0,0.0,0.0,0.0,0.0,0.0,0.0,0.0,0.0
2021-10-13+1week,0.0,0.0,0.0,0.0,0.0,0.0,0.0,0.0,0.0,0.0,0.0,0.0,0.0,0.0,0.0,0.0,0.0,0.0,0.0,0.0,0.0
2021-10-13+2week,0.0,0.0,0.0,0.0,0.0,0.0,0.0,0.0,0.0,0.0,0.0,0.0,0.0,0.0,0.0,0.0,0.0,0.0,0.0,0.0,0.0
2021-10-13+4week,0.0,0.0,0.0,0.0,0.0,0.0,0.0,0.0,0.0,0.0,0.0,0.0,0.0,0.0,0.0,0.0,0.0,0.0,0.0,0.0,0.0
2021-10-14+1week,0.0,0.0,0.0,0.0,0.0,0.0,0.0,0.0,0.0,0.0,0.0,0.0,0.0,0.0,0.0,0.0,0.0,0.0,0.0,0.0,0.0
2021-10-14+2week,0.0,0.0,0.0,0.0,0.0,0.0,0.0,0.0,0.0,0.0,0.0,0.0,0.0,0.0,0.0,0.0,0.0,0.0,0.0,0.0,0.0
2021-10-14+4week,0.0,0.0,0.0,0.0,0.0,0.0,0.0,0.0,0.0,0.0,0.0,0.0,0.0,0.0,0.0,0.0,0.0,0.0,0.0,0.0,0.0
2021-10-15+1week,0.0,0.0,0.0,0.0,0.0,0.0,0.0,0.0,0.0,0.0,0.0,0.0,0.0,0.0,0.0,0.0,0.0,0.0,0.0,0.0,0.0
2021-10-15+2week,0.0,0.0,0.0,0.0,0.0,0.0,0.0,0.0,0.0,0.0,0.0,0.0,0.0,0.0,0.0,0.0,0.0,0.0,0.0,0.0,0.0
2021-10-15+4week,0.0,0.0,0.0,0.0,0.0,0.0,0.0,0.0,0.0,0.0,0.0,0.0,0.0,0.0,0.0,0.0,0.0,0.0,0.0,0.0,0.0
2021-10-16+1week,0.0,0.0,0.0,0.0,0.0,0.0,0.0,0.0,0.0,0.0,0.0,0.0,0.0,0.0,0.0,0.0,0.0,0.0,0.0,0.0,0.0
2021-10-16+2week,0.0,0.0,0.0,0.0,0.0,0.0,0.0,0.0,0.0,0.0,0.0,0.0,0.0,0.0,0.0,0.0,0.0,0.0,0.0,0.0,0.0
2021-10-16+4week,0.0,0.0,0.0,0.0,0.0,0.0,0.0,0.0,0.0,0.0,0.0,0.0,0.0,0.0,0.0,0.0,0.0,0.0,0.0,0.0,0.0
2021-10-17+1week,0.0,0.0,0.0,0.0,0.0,0.0,0.0,0.0,0.0,0.0,0.0,0.0,0.0,0.0,0.0,0.0,0.0,0.0,0.0,0.0,0.0
2021-10-17+2week,0.0,0.0,0.0,0.0,0.0,0.0,0.0,0.0,0.0,0.0,0.0,0.0,0.0,0.0,0.0,0.0,0.0,0.0,0.0,0.0,0.0
2021-10-17+4week,0.0,0.0,0.0,0.0,0.0,0.0,0.0,0.0,0.0,0.0,0.0,0.0,0.0,0.0,0.0,0.0,0.0,0.0,0.0,0.0,0.0
2021-10-18+1week,0.0,0.0,0.0,0.0,0.0,0.0,0.0,0.0,0.0,0.0,0.0,0.0,0.0,0.0,0.0,0.0,0.0,0.0,0.0,0.0,0.0
2021-10-18+2week,0.0,0.0,0.0,0.0,0.0,0.0,0.0,0.0,0.0,0.0,0.0,0.0,0.0,0.0,0.0,0.0,0.0,0.0,0.0,0.0,0.0
2021-10-18+4week,0.0,0.0,0.0,0.0,0.0,0.0,0.0,0.0,0.0,0.0,0.0,0.0,0.0,0.0,0.0,0.0,0.0,0.0,0.0,0.0,0.0
2021-10-19+1week,0.0,0.0,0.0,0.0,0.0,0.0,0.0,0.0,0.0,0.0,0.0,0.0,0.0,0.0,0.0,0.0,0.0,0.0,0.0,0.0,0.0
2021-10-19+2week,0.0,0.0,0.0,0.0,0.0,0.0,0.0,0.0,0.0,0.0,0.0,0.0,0.0,0.0,0.0,0.0,0.0,0.0,0.0,0.0,0.0
2021-10-19+4week,0.0,0.0,0.0,0.0,0.0,0.0,0.0,0.0,0.0,0.0,0.0,0.0,0.0,0.0,0.0,0.0,0.0,0.0,0.0,0.0,0.0
2021-10-20+1week,0.0,0.0,0.0,0.0,0.0,0.0,0.0,0.0,0.0,0.0,0.0,0.0,0.0,0.0,0.0,0.0,0.0,0.0,0.0,0.0,0.0
2021-10-20+2week,0.0,0.0,0.0,0.0,0.0,0.0,0.0,0.0,0.0,0.0,0.0,0.0,0.0,0.0,0.0,0.0,0.0,0.0,0.0,0.0,0.0
2021-10-20+4week,0.0,0.0,0.0,0.0,0.0,0.0,0.0,0.0,0.0,0.0,0.0,0.0,0.0,0.0,0.0,0.0,0.0,0.0,0.0,0.0,0.0
2021-10-21+1week,0.0,0.0,0.0,0.0,0.0,0.0,0.0,0.0,0.0,0.0,0.0,0.0,0.0,0.0,0.0,0.0,0.0,0.0,0.0,0.0,0.0
2021-10-21+2week,0.0,0.0,0.0,0.0,0.0,0.0,0.0,0.0,0.0,0.0,0.0,0.0,0.0,0.0,0.0,0.0,0.0,0.0,0.0,0.0,0.0
2021-10-21+4week,0.0,0.0,0.0,0.0,0.0,0.0,0.0,0.0,0.0,0.0,0.0,0.0,0.0,0.0,0.0,0.0,0.0,0.0,0.0,0.0,0.0
2021-10-22+1week,0.0,0.0,0.0,0.0,0.0,0.0,0.0,0.0,0.0,0.0,0.0,0.0,0.0,0.0,0.0,0.0,0.0,0.0,0.0,0.0,0.0
2021-10-22+2week,0.0,0.0,0.0,0.0,0.0,0.0,0.0,0.0,0.0,0.0,0.0,0.0,0.0,0.0,0.0,0.0,0.0,0.0,0.0,0.0,0.0
2021-10-22+4week,0.0,0.0,0.0,0.0,0.0,0.0,0.0,0.0,0.0,0.0,0.0,0.0,0.0,0.0,0.0,0.0,0.0,0.0,0.0,0.0,0.0
2021-10-23+1week,0.0,0.0,0.0,0.0,0.0,0.0,0.0,0.0,0.0,0.0,0.0,0.0,0.0,0.0,0.0,0.0,0.0,0.0,0.0,0.0,0.0
2021-10-23+2week,0.0,0.0,0.0,0.0,0.0,0.0,0.0,0.0,0.0,0.0,0.0,0.0,0.0,0.0,0.0,0.0,0.0,0.0,0.0,0.0,0.0
2021-10-23+4week,0.0,0.0,0.0,0.0,0.0,0.0,0.0,0.0,0.0,0.0,0.0,0.0,0.0,0.0,0.0,0.0,0.0,0.0,0.0,0.0,0.0
2021-10-24+1week,0.0,0.0,0.0,0.0,0.0,0.0,0.0,0.0,0.0,0.0,0.0,0.0,0.0,0.0,0.0,0.0,0.0,0.0,0.0,0.0,0.0
2021-10-24+2week,0.0,0.0,0.0,0.0,0.0,0.0,0.0,0.0,0.0,0.0,0.0,0.0,0.0,0.0,0.0,0.0,0.0,0.0,0.0,0.0,0.0
2021-10-24+4week,0.0,0.0,0.0,0.0,0.0,0.0,0.0,0.0,0.0,0.0,0.0,0.0,0.0,0.0,0.0,0.0,0.0,0.0,0.0,0.0,0.0
2021-10-25+1week,0.0,0.0,0.0,0.0,0.0,0.0,0.0,0.0,0.0,0.0,0.0,0.0,0.0,0.0,0.0,0.0,0.0,0.0,0.0,0.0,0.0
2021-10-25+2week,0.0,0.0,0.0,0.0,0.0,0.0,0.0,0.0,0.0,0.0,0.0,0.0,0.0,0.0,0.0,0.0,0.0,0.0,0.0,0.0,0.0
2021-10-25+4week,0.0,0.0,0.0,0.0,0.0,0.0,0.0,0.0,0.0,0.0,0.0,0.0,0.0,0.0,0.0,0.0,0.0,0.0,0.0,0.0,0.0
2021-10-26+1week,0.0,0.0,0.0,0.0,0.0,0.0,0.0,0.0,0.0,0.0,0.0,0.0,0.0,0.0,0.0,0.0,0.0,0.0,0.0,0.0,0.0
2021-10-26+2week,0.0,0.0,0.0,0.0,0.0,0.0,0.0,0.0,0.0,0.0,0.0,0.0,0.0,0.0,0.0,0.0,0.0,0.0,0.0,0.0,0.0
2021-10-26+4week,0.0,0.0,0.0,0.0,0.0,0.0,0.0,0.0,0.0,0.0,0.0,0.0,0.0,0.0,0.0,0.0,0.0,0.0,0.0,0.0,0.0
2021-10-27+1week,0.0,0.0,0.0,0.0,0.0,0.0,0.0,0.0,0.0,0.0,0.0,0.0,0.0,0.0,0.0,0.0,0.0,0.0,0.0,0.0,0.0
2021-10-27+2week,0.0,0.0,0.0,0.0,0.0,0.0,0.0,0.0,0.0,0.0,0.0,0.0,0.0,0.0,0.0,0.0,0.0,0.0,0.0,0.0,0.0
2021-10-27+4week,0.0,0.0,0.0,0.0,0.0,0.0,0.0,0.0,0.0,0.0,0.0,0.0,0.0,0.0,0.0,0.0,0.0,0.0,0.0,0.0,0.0
2021-10-28+1week,0.0,0.0,0.0,0.0,0.0,0.0,0.0,0.0,0.0,0.0,0.0,0.0,0.0,0.0,0.0,0.0,0.0,0.0,0.0,0.0,0.0
2021-10-28+2week,0.0,0.0,0.0,0.0,0.0,0.0,0.0,0.0,0.0,0.0,0.0,0.0,0.0,0.0,0.0,0.0,0.0,0.0,0.0,0.0,0.0
2021-10-28+4week,0.0,0.0,0.0,0.0,0.0,0.0,0.0,0.0,0.0,0.0,0.0,0.0,0.0,0.0,0.0,0.0,0.0,0.0,0.0,0.0,0.0
2021-10-29+1week,0.0,0.0,0.0,0.0,0.0,0.0,0.0,0.0,0.0,0.0,0.0,0.0,0.0,0.0,0.0,0.0,0.0,0.0,0.0,0.0,0.0
2021-10-29+2week,0.0,0.0,0.0,0.0,0.0,0.0,0.0,0.0,0.0,0.0,0.0,0.0,0.0,0.0,0.0,0.0,0.0,0.0,0.0,0.0,0.0
2021-10-29+4week,0.0,0.0,0.0,0.0,0.0,0.0,0.0,0.0,0.0,0.0,0.0,0.0,0.0,0.0,0.0,0.0,0.0,0.0,0.0,0.0,0.0
2021-10-30+1week,0.0,0.0,0.0,0.0,0.0,0.0,0.0,0.0,0.0,0.0,0.0,0.0,0.0,0.0,0.0,0.0,0.0,0.0,0.0,0.0,0.0
2021-10-30+2week,0.0,0.0,0.0,0.0,0.0,0.0,0.0,0.0,0.0,0.0,0.0,0.0,0.0,0.0,0.0,0.0,0.0,0.0,0.0,0.0,0.0
2021-10-30+4week,0.0,0.0,0.0,0.0,0.0,0.0,0.0,0.0,0.0,0.0,0.0,0.0,0.0,0.0,0.0,0.0,0.0,0.0,0.0,0.0,0.0
2021-10-31+1week,0.0,0.0,0.0,0.0,0.0,0.0,0.0,0.0,0.0,0.0,0.0,0.0,0.0,0.0,0.0,0.0,0.0,0.0,0.0,0.0,0.0
2021-10-31+2week,0.0,0.0,0.0,0.0,0.0,0.0,0.0,0.0,0.0,0.0,0.0,0.0,0.0,0.0,0.0,0.0,0.0,0.0,0.0,0.0,0.0
2021-10-31+4week,0.0,0.0,0.0,0.0,0.0,0.0,0.0,0.0,0.0,0.0,0.0,0.0,0.0,0.0,0.0,0.0,0.0,0.0,0.0,0.0,0.0
2021-11-01+1week,0.0,0.0,0.0,0.0,0.0,0.0,0.0,0.0,0.0,0.0,0.0,0.0,0.0,0.0,0.0,0.0,0.0,0.0,0.0,0.0,0.0
2021-11-01+2week,0.0,0.0,0.0,0.0,0.0,0.0,0.0,0.0,0.0,0.0,0.0,0.0,0.0,0.0,0.0,0.0,0.0,0.0,0.0,0.0,0.0
2021-11-01+4week,0.0,0.0,0.0,0.0,0.0,0.0,0.0,0.0,0.0,0.0,0.0,0.0,0.0,0.0,0.0,0.0,0.0,0.0,0.0,0.0,0.0
2021-11-02+1week,0.0,0.0,0.0,0.0,0.0,0.0,0.0,0.0,0.0,0.0,0.0,0.0,0.0,0.0,0.0,0.0,0.0,0.0,0.0,0.0,0.0
2021-11-02+2week,0.0,0.0,0.0,0.0,0.0,0.0,0.0,0.0,0.0,0.0,0.0,0.0,0.0,0.0,0.0,0.0,0.0,0.0,0.0,0.0,0.0
2021-11-02+4week,0.0,0.0,0.0,0.0,0.0,0.0,0.0,0.0,0.0,0.0,0.0,0.0,0.0,0.0,0.0,0.0,0.0,0.0,0.0,0.0,0.0
2021-11-03+1week,0.0,0.0,0.0,0.0,0.0,0.0,0.0,0.0,0.0,0.0,0.0,0.0,0.0,0.0,0.0,0.0,0.0,0.0,0.0,0.0,0.0
2021-11-03+2week,0.0,0.0,0.0,0.0,0.0,0.0,0.0,0.0,0.0,0.0,0.0,0.0,0.0,0.0,0.0,0.0,0.0,0.0,0.0,0.0,0.0
2021-11-03+4week,0.0,0.0,0.0,0.0,0.0,0.0,0.0,0.0,0.0,0.0,0.0,0.0,0.0,0.0,0.0,0.0,0.0,0.0,0.0,0.0,0.0
2021-11-04+1week,0.0,0.0,0.0,0.0,0.0,0.0,0.0,0.0,0.0,0.0,0.0,0.0,0.0,0.0,0.0,0.0,0.0,0.0,0.0,0.0,0.0
2021-11-04+2week,0.0,0.0,0.0,0.0,0.0,0.0,0.0,0.0,0.0,0.0,0.0,0.0,0.0,0.0,0.0,0.0,0.0,0.0,0.0,0.0,0.0
2021-11-04+4week,0.0,0.0,0.0,0.0,0.0,0.0,0.0,0.0,0.0,0.0,0.0,0.0,0.0,0.0,0.0,0.0,0.0,0.0,0.0,0.0,0.0
